Crop,Season,State,Year,Area,Production,Annual_Rainfall,Fertilizer,Pesticide,Yield
Rice,Kharif,Bihar,2010,2502396,6654033.12,895.72,174.7,0.567,2.6591
Maize,Rabi,Assam,2011,319870,1132432.71,805.35,105.63,0.4405,3.5403
Rice,Kharif,Himachal Pradesh,2000,1823925,4150807.83,1494.47,166.53,7.763,2.2758
Maize,Rabi,Jharkhand,2016,282950,811513.0,673.07,170.99,5.746,2.868
Wheat,Rabi,Jammu and Kashmir,1998,1154773,4522164.21,474.33,104.35,2.2159,3.9161
Maize,Rabi,Jammu and Kashmir,2007,764143,2519349.2,626.26,170.25,5.8259,3.297
Rice,Kharif,Odisha,2004,2303932,4956250.86,1354.75,157.43,7.9992,2.1512
Maize,Rabi,Telangana,2006,728255,3366356.44,492.63,118.87,1.2157,4.6225
Maize,Rabi,Madhya Pradesh,1998,519013,1862818.91,484.43,175.69,4.5949,3.5892
Maize,Kharif,Rajasthan,2004,79461,333606.97,822.63,177.55,6.9134,4.1984
Maize,Rabi,Uttarakhand,1997,380190,931644.23,568.06,97.45,1.0784,2.4505
Rice,Kharif,Uttarakhand,1998,2613868,6311043.12,1479.79,88.74,3.6083,2.4144
Maize,Rabi,Maharashtra,2007,447904,1389205.87,1046.64,127.5,0.5668,3.1016
Wheat,Rabi,Jammu and Kashmir,2000,1081726,4319508.08,415.78,118.0,3.1351,3.9932
Maize,Rabi,Chhattisgarh,2020,470888,1692501.1,586.85,123.3,5.2788,3.5943
Maize,Rabi,Uttarakhand,1998,198319,550198.89,1172.4,97.77,6.0874,2.7743
Maize,Kharif,Chhattisgarh,1997,58266,174944.99,473.84,116.59,2.2261,3.0025
Rice,Kharif,Haryana,2020,332407,1689399.21,1508.37,129.33,6.2566,5.0823
Rice,Kharif,Telangana,2008,2637402,7812511.16,1467.8,103.32,1.8602,2.9622
Maize,Rabi,Chhattisgarh,2005,478209,1398583.11,458.97,163.03,2.3464,2.9246
Maize,Rabi,Assam,2002,697267,2101977.11,735.39,154.27,6.2328,3.0146
Wheat,Rabi,Uttarakhand,2007,237646,1596213.47,626.64,226.65,2.1922,6.7168
Maize,Rabi,Assam,1997,281807,875612.72,804.33,97.62,6.3938,3.1071
Maize,Kharif,Gujarat,1997,690743,2028877.01,823.15,143.46,4.0604,2.9372
Maize,Kharif,Gujarat,2002,238507,643929.46,1067.86,153.18,6.858,2.6998
Maize,Rabi,Himachal Pradesh,2012,716451,3389500.69,652.55,128.33,6.7087,4.731
Rice,Kharif,Madhya Pradesh,2015,1358651,4463222.85,1349.64,180.93,2.1941,3.285
Wheat,Rabi,Jammu and Kashmir,2016,1116280,5518325.9,506.79,165.37,1.2404,4.9435
Maize,Kharif,West Bengal,2002,690436,2027436.45,687.64,95.99,4.8074,2.9365
Maize,Rabi,Himachal Pradesh,2000,564951,2192645.38,591.33,176.22,5.5768,3.8811
Maize,Kharif,Haryana,2015,343083,1216779.67,858.03,158.92,1.0604,3.5466
Wheat,Rabi,Uttarakhand,2009,514860,3476710.65,579.3,169.01,4.2285,6.7527
Wheat,Rabi,Rajasthan,2009,1162313,4314343.94,496.32,247.66,5.5212,3.7119
Rice,Kharif,Assam,2006,1809904,3635493.26,890.02,97.96,4.7495,2.0087
Maize,Kharif,Andhra Pradesh,2017,137126,797466.63,816.38,129.49,1.8106,5.8156
Maize,Kharif,Maharashtra,2003,12096,36272.16,1159.06,106.54,4.4933,2.9987
Maize,Kharif,Assam,2008,141659,481841.05,1121.59,129.32,0.4079,3.4014
Maize,Rabi,Maharashtra,2002,763414,2264694.17,417.42,97.99,0.4199,2.9665
Rice,Kharif,Andhra Pradesh,2020,1106713,5693741.1,1567.23,151.98,7.8606,5.1447
Rice,Kharif,West Bengal,2011,1540563,4710743.31,1300.18,108.34,7.8368,3.0578
Maize,Kharif,Rajasthan,2017,518321,2342486.41,985.37,115.86,1.4748,4.5194
Maize,Rabi,Rajasthan,2015,49283,216179.57,1171.03,123.44,0.5314,4.3865
Maize,Kharif,Madhya Pradesh,2009,647053,2651338.28,857.31,163.38,0.8709,4.0976
Rice,Kharif,Jharkhand,2014,2229446,5336653.11,1315.74,129.4,3.0709,2.3937
Maize,Kharif,Odisha,1998,357737,1004163.42,422.96,163.6,1.6001,2.807
Maize,Rabi,Gujarat,2014,175948,604407.15,481.93,87.0,1.8593,3.4351
Wheat,Rabi,Bihar,2015,574084,2036890.44,424.98,158.36,4.6549,3.5481
Maize,Kharif,Himachal Pradesh,1999,298328,1251905.86,426.17,110.76,3.3263,4.1964
Wheat,Rabi,Uttarakhand,2003,148000,917215.65,371.74,227.56,0.3893,6.1974
Maize,Rabi,Haryana,2001,97055,306250.45,1048.41,176.43,6.9114,3.1554
Maize,Rabi,Bihar,2010,339827,1069008.92,831.94,86.45,3.7159,3.1457
Maize,Rabi,West Bengal,2008,113239,376023.12,962.99,127.35,5.8757,3.3206
Maize,Rabi,Bihar,1998,260709,708888.02,1000.38,132.68,4.81,2.7191
Maize,Rabi,Himachal Pradesh,2002,708953,2970290.97,704.92,127.69,4.9956,4.1897
Wheat,Rabi,Jharkhand,1999,1616296,5383605.74,393.42,216.33,0.5488,3.3308
Wheat,Rabi,Gujarat,2006,1159144,4175646.06,447.34,169.63,2.5626,3.6024
Maize,Kharif,Odisha,2011,512157,1705327.18,979.26,136.53,5.602,3.3297
Maize,Kharif,Uttarakhand,2012,126628,370437.28,442.02,121.04,3.5431,2.9254
Rice,Kharif,Rajasthan,1999,2712480,7424085.01,1451.4,196.29,4.0251,2.737
Maize,Rabi,Haryana,2004,727040,2179944.07,1127.53,167.04,2.3923,2.9984
Maize,Kharif,Gujarat,2008,161826,488853.37,884.41,89.52,6.3506,3.0209
Maize,Kharif,Jharkhand,2020,90321,268867.3,678.67,173.3,6.6138,2.9768
Wheat,Rabi,Bihar,2014,1931162,6721222.8,671.12,123.41,5.8299,3.4804
Maize,Rabi,Gujarat,2005,224869,705299.73,599.63,77.46,2.0939,3.1365
Wheat,Rabi,Uttar Pradesh,2017,2171691,12733056.61,541.72,115.62,0.5874,5.8632
Maize,Kharif,Uttar Pradesh,2013,650533,2573786.92,576.46,158.49,3.213,3.9564
Wheat,Rabi,Jharkhand,2008,2269127,8423845.07,378.57,210.03,3.8717,3.7124
Rice,Kharif,Uttarakhand,2017,126045,428854.14,1087.03,111.3,5.577,3.4024
Maize,Kharif,Uttar Pradesh,2003,714922,2559770.01,1117.22,106.49,5.387,3.5805
Maize,Rabi,Uttar Pradesh,2005,556356,2089425.02,599.32,179.35,3.9881,3.7556
Rice,Kharif,Assam,2011,173662,470359.71,1412.35,185.62,3.6053,2.7085
Maize,Rabi,Rajasthan,2002,192143,698802.19,1194.28,113.24,1.2405,3.6369
Maize,Rabi,Jammu and Kashmir,2020,669323,2293423.73,980.33,79.95,4.9658,3.4265
Wheat,Rabi,Haryana,2004,1805862,12874041.85,366.39,120.89,1.4777,7.129
Maize,Kharif,Punjab,2013,577401,1972421.0,509.86,162.01,5.6345,3.416
Maize,Kharif,Odisha,2001,595996,1864969.7,432.96,165.02,0.9361,3.1292
Maize,Kharif,Haryana,2008,511990,1624078.46,1151.34,74.45,5.4257,3.1721
Rice,Kharif,Himachal Pradesh,2003,2724827,7449935.83,1333.4,153.98,4.124,2.7341
Rice,Kharif,Jammu and Kashmir,2006,1612129,3836201.24,816.19,178.09,2.7729,2.3796
Maize,Kharif,Punjab,2005,25478,72248.6,1191.52,156.01,2.7701,2.8357
Rice,Kharif,West Bengal,2018,431786,1376075.06,891.72,91.92,1.7612,3.1869
Maize,Rabi,Rajasthan,2005,254556,1099305.65,677.45,105.15,4.5988,4.3185
Maize,Rabi,Telangana,2008,366083,1825542.62,1019.36,113.79,1.3113,4.9867
Rice,Kharif,Uttar Pradesh,2003,1606411,4654014.39,873.97,166.95,1.9286,2.8972
Maize,Rabi,Uttarakhand,2018,444033,1617364.21,662.9,81.53,6.1823,3.6424
Rice,Kharif,Uttar Pradesh,2010,2140423,6481433.07,1598.37,135.64,6.4357,3.0281
Wheat,Rabi,Gujarat,2012,1374734,5792954.72,522.04,223.3,1.3042,4.2139
Rice,Kharif,Punjab,2014,279896,1734829.82,1211.79,189.2,3.2299,6.1981
Wheat,Rabi,Himachal Pradesh,2020,308778,1869555.1,463.52,105.82,5.5531,6.0547
Rice,Kharif,Jammu and Kashmir,2009,2875693,8613802.56,1399.03,121.04,4.6591,2.9954
Maize,Kharif,Gujarat,2010,141708,445896.98,1009.63,122.9,1.7075,3.1466
Wheat,Rabi,Madhya Pradesh,2002,586578,2150559.88,302.07,182.55,5.5959,3.6663
Rice,Kharif,Odisha,2015,2877627,7739841.62,1193.32,92.62,3.7854,2.6897
Maize,Rabi,Tamil Nadu,2017,120806,378964.12,985.59,162.57,2.1144,3.137
Maize,Kharif,Jharkhand,2001,204055,481239.89,1010.5,124.81,3.7972,2.3584
Rice,Kharif,Andhra Pradesh,2019,1869145,10225271.11,1502.71,87.85,1.5832,5.4706
Maize,Kharif,Bihar,2006,352411,1032304.8,697.35,134.41,3.4608,2.9293
Maize,Kharif,Jammu and Kashmir,2016,202364,691628.48,1087.21,93.02,4.6809,3.4177
Wheat,Rabi,Jammu and Kashmir,2009,794974,3942543.49,519.43,135.57,2.9867,4.9593
Wheat,Rabi,Uttarakhand,2005,1666744,11061078.94,498.45,157.41,2.732,6.6363
Wheat,Rabi,Madhya Pradesh,2005,739254,3102908.21,312.43,160.66,2.8775,4.1974
Rice,Kharif,Madhya Pradesh,2003,2019185,5571650.73,1409.3,118.43,2.0235,2.7594
Maize,Kharif,Andhra Pradesh,2020,695472,4089883.27,1109.32,134.47,5.244,5.8807
Rice,Kharif,Uttar Pradesh,2002,1446873,4318626.54,1443.17,142.32,1.6171,2.9848
Maize,Kharif,Punjab,2016,42604,168380.92,776.2,87.99,3.4831,3.9522
Maize,Rabi,Jharkhand,2019,712835,2338798.82,825.84,118.63,0.7152,3.281
Maize,Rabi,Maharashtra,2014,542422,1854650.08,986.37,71.93,2.1129,3.4192
Maize,Kharif,Jharkhand,2016,743594,2189538.59,638.12,134.59,3.403,2.9445
Maize,Rabi,Jharkhand,2009,247446,700382.68,1037.41,130.3,1.6446,2.8304
Wheat,Rabi,Gujarat,1999,1359632,4423288.1,647.84,247.12,1.6612,3.2533
Maize,Rabi,Telangana,2019,181037,953370.81,979.21,74.84,3.7825,5.2662
Maize,Rabi,Maharashtra,2018,732044,2552615.99,452.02,84.03,6.4662,3.487
Wheat,Rabi,Uttarakhand,2011,606596,4431603.93,485.43,196.92,0.8155,7.3057
Wheat,Rabi,Jharkhand,2005,1400621,5245263.79,349.01,241.34,0.5886,3.745
Rice,Kharif,Jharkhand,1997,1369854,2379568.42,970.1,139.91,7.1351,1.7371
Maize,Rabi,Haryana,2013,109823,374290.33,1032.84,139.54,2.8825,3.4081
Maize,Kharif,Odisha,2020,552707,2125969.1,1033.43,111.32,3.8325,3.8465
Maize,Rabi,Odisha,2018,491758,1724580.7,1036.13,166.79,4.4869,3.507
Maize,Rabi,Chhattisgarh,2006,242256,772273.76,954.82,107.88,1.2509,3.1878
Wheat,Rabi,Bihar,2018,335155,1246160.98,515.46,233.89,4.9515,3.7182
Maize,Kharif,Gujarat,2000,636977,1881693.95,1098.62,106.67,4.2461,2.9541
Maize,Kharif,West Bengal,2006,397408,1255168.06,849.17,135.31,2.2657,3.1584
Maize,Rabi,Odisha,2007,713340,2333215.39,991.59,165.13,5.2999,3.2708
Rice,Kharif,Maharashtra,2013,729334,1920546.77,1424.59,113.27,0.9679,2.6333
Maize,Rabi,West Bengal,2007,190810,589490.48,953.45,89.1,5.7806,3.0894
Maize,Rabi,Andhra Pradesh,2011,622466,3340494.79,927.58,119.91,3.3164,5.3665
Maize,Rabi,West Bengal,2019,220893,796028.26,586.43,142.55,0.8619,3.6037
Wheat,Rabi,Rajasthan,2017,37630,148202.89,398.13,221.37,2.2455,3.9384
Wheat,Rabi,Gujarat,1998,1964228,6743995.54,466.31,131.03,2.6948,3.4334
Maize,Rabi,Uttar Pradesh,2014,639470,2624702.25,809.24,76.17,4.8007,4.1045
Rice,Kharif,Uttarakhand,2020,982997,3296264.87,1286.45,125.78,2.9123,3.3533
Rice,Kharif,Gujarat,2005,301218,853246.35,1578.05,97.08,2.5987,2.8327
Maize,Rabi,Andhra Pradesh,2016,718702,4123648.9,497.59,111.09,6.5324,5.7376
Maize,Rabi,Uttarakhand,2003,728975,2327918.47,800.37,107.95,0.5621,3.1934
Wheat,Rabi,Jharkhand,1998,2459806,7529442.97,678.42,102.93,5.3197,3.061
Rice,Kharif,Assam,2014,2912207,7444528.26,1233.15,95.84,3.1003,2.5563
Maize,Kharif,Andhra Pradesh,2003,328241,1684874.26,755.79,153.75,1.0747,5.133
Rice,Kharif,Madhya Pradesh,2012,1210352,3863539.54,1225.82,172.73,5.5334,3.1921
Maize,Rabi,Telangana,1999,481805,2132195.02,473.34,93.33,4.6207,4.4254
Rice,Kharif,Haryana,2002,1305079,5698254.04,1274.98,140.88,4.3229,4.3662
Rice,Kharif,Karnataka,2001,382296,1062905.82,815.2,105.88,1.6214,2.7803
Rice,Kharif,Gujarat,1999,1762736,4305361.18,1066.65,160.42,6.933,2.4424
Wheat,Rabi,Haryana,2020,2028176,17576021.17,332.01,245.88,2.57,8.6659
Rice,Kharif,Karnataka,1997,1492654,3073846.32,1282.98,176.86,5.973,2.0593
Maize,Kharif,Maharashtra,2004,110345,322647.62,512.01,83.55,5.2181,2.924
Maize,Rabi,Odisha,1999,143579,394467.6,1029.21,166.41,2.8147,2.7474
Rice,Kharif,Tamil Nadu,1999,2437427,9808394.59,1536.95,132.7,4.0152,4.0241
Rice,Kharif,Jharkhand,2004,1202816,2293719.03,979.87,114.64,6.3556,1.907
Maize,Kharif,Bihar,2011,292748,900489.37,663.37,115.51,1.785,3.076
Maize,Rabi,Bihar,2019,50785,165299.22,591.76,165.76,2.2069,3.2549
Maize,Kharif,Gujarat,2009,345998,1183805.74,1091.39,121.39,6.1479,3.4214
Rice,Kharif,Assam,2005,2230028,5092435.94,1130.45,187.47,3.9384,2.2836
Maize,Rabi,Haryana,2006,617879,1893363.21,481.85,126.27,4.7715,3.0643
Maize,Rabi,Odisha,2012,313929,1020447.36,631.37,73.89,6.4909,3.2506
Wheat,Rabi,Maharashtra,2002,1716693,5770053.9,561.16,232.1,3.0115,3.3611
Maize,Kharif,Chhattisgarh,2010,627725,1997418.45,924.33,154.66,1.5171,3.182
Rice,Kharif,Himachal Pradesh,2011,159406,470815.86,1087.41,162.58,4.0745,2.9536
Rice,Kharif,Assam,2015,564901,1254829.42,986.3,130.96,4.2433,2.2213
Wheat,Rabi,Madhya Pradesh,2004,1481426,6070874.45,512.91,189.53,1.2598,4.098
Rice,Kharif,Jammu and Kashmir,2003,2297048,6135322.77,1581.98,82.06,6.5987,2.671
Maize,Kharif,Tamil Nadu,2003,376106,1176938.81,843.38,135.66,5.5773,3.1293
Maize,Kharif,Himachal Pradesh,2000,759540,3084078.13,590.02,118.86,2.2805,4.0605
Rice,Kharif,Rajasthan,2000,2796065,7069269.04,1320.73,172.28,5.9063,2.5283
Maize,Kharif,Uttarakhand,2018,495106,1960968.73,879.81,106.43,4.2175,3.9607
Maize,Kharif,Bihar,1997,444589,1119202.8,925.9,132.17,2.488,2.5174
Rice,Kharif,Rajasthan,2020,208992,714389.57,990.45,167.04,7.9141,3.4183
Maize,Rabi,Gujarat,1999,589384,1439113.33,692.62,156.98,0.4919,2.4417
Rice,Kharif,Gujarat,2015,757676,2024304.77,851.77,197.02,3.0397,2.6717
Maize,Kharif,Tamil Nadu,2006,634180,2168616.42,723.28,105.15,1.3235,3.4196
Maize,Rabi,Gujarat,2004,46761,142812.67,1138.06,174.35,3.0266,3.0541
Maize,Kharif,Rajasthan,1997,283082,1008664.31,505.97,108.39,0.854,3.5632
Maize,Kharif,West Bengal,2009,319608,1074944.21,600.78,164.44,0.7149,3.3633
Rice,Kharif,Jharkhand,2002,1262171,2310453.22,1363.92,162.83,4.1675,1.8305
Maize,Kharif,Assam,2015,764414,2602413.0,1074.2,95.96,4.1684,3.4045
Rice,Kharif,Chhattisgarh,2004,1911649,5358057.37,1190.96,89.92,0.7315,2.8028
Maize,Rabi,Gujarat,2010,593426,2088161.76,892.8,150.92,2.0252,3.5188
Rice,Kharif,Haryana,2011,2270528,12196651.5,1043.94,138.79,6.0829,5.3717
Rice,Kharif,Odisha,2005,90243,222879.93,1560.79,80.18,5.4298,2.4698
Rice,Kharif,Himachal Pradesh,2017,2161743,7451460.2,825.58,87.64,3.7297,3.447
Maize,Kharif,Odisha,2017,556818,2141877.61,722.2,131.49,5.5402,3.8466
Maize,Kharif,Punjab,2018,720531,2685850.49,882.38,89.31,4.2819,3.7276
Rice,Kharif,Rajasthan,2010,1093216,3466537.28,926.16,90.97,5.1398,3.171
Wheat,Rabi,Gujarat,2002,744274,2617101.76,467.15,225.64,5.6234,3.5163
Maize,Rabi,Gujarat,2015,709299,2465530.39,925.94,79.93,6.6249,3.476
Maize,Rabi,Haryana,2009,666286,2256314.94,813.61,149.26,5.5832,3.3864
Rice,Kharif,Bihar,2011,917202,2664990.3,1321.98,149.72,5.6304,2.9056
Maize,Kharif,Tamil Nadu,2010,294362,936795.32,1135.29,126.24,4.1664,3.1825
Rice,Kharif,Jharkhand,2012,2003267,4499604.51,1254.23,91.15,6.5176,2.2461
Maize,Kharif,Karnataka,2004,333572,1815065.37,694.05,102.92,2.926,5.4413
Maize,Kharif,Telangana,2008,589646,2953582.58,785.97,110.72,4.0624,5.0091
Maize,Kharif,Maharashtra,2010,87289,300209.42,1024.1,171.41,2.607,3.4393
Wheat,Rabi,Bihar,1997,2234464,6569649.35,667.4,189.84,3.0851,2.9401
Maize,Kharif,Haryana,2019,202487,752652.67,779.82,106.17,6.7488,3.717
Rice,Kharif,Andhra Pradesh,2016,2575457,12880683.46,1383.39,145.73,2.9508,5.0013
Maize,Rabi,Karnataka,2015,663342,3940592.26,962.67,164.9,4.2072,5.9405
Rice,Kharif,Jammu and Kashmir,2016,1763474,5310454.42,1433.97,83.45,7.821,3.0114
Maize,Kharif,Chhattisgarh,2012,513473,1954051.37,544.65,128.01,0.6184,3.8056
Maize,Rabi,West Bengal,2006,357618,1031938.67,1190.69,140.47,6.0858,2.8856
Maize,Kharif,Uttar Pradesh,1999,156157,433741.67,727.98,142.03,1.4188,2.7776
Wheat,Rabi,Rajasthan,2019,2160197,8717444.49,695.71,242.72,5.2332,4.0355
Wheat,Rabi,Punjab,2012,2140495,17979818.44,341.17,222.63,4.8415,8.3998
Maize,Rabi,Gujarat,2011,439773,1402954.83,731.23,106.72,4.0987,3.1902
Maize,Rabi,Telangana,2011,289685,1434068.6,731.1,124.68,1.9684,4.9504
Wheat,Rabi,Rajasthan,2011,1040631,3779717.65,507.48,159.34,4.4905,3.6321
Maize,Kharif,Chhattisgarh,2007,201059,650163.91,1169.98,150.86,1.1877,3.2337
Maize,Kharif,Punjab,2004,611007,1981371.08,504.48,163.77,5.6028,3.2428
Maize,Rabi,Chhattisgarh,2012,629473,2064669.91,1147.15,86.96,3.6733,3.28
Wheat,Rabi,Rajasthan,2014,2300700,8386074.53,690.24,149.69,4.3211,3.645
Rice,Kharif,Himachal Pradesh,2016,1257800,3718839.01,1397.15,125.85,3.7348,2.9566
Rice,Kharif,Uttar Pradesh,2016,2698085,9585020.46,1053.75,177.47,5.3332,3.5525
Rice,Kharif,Assam,2020,2234699,5430664.37,1433.42,129.79,6.5953,2.4302
Maize,Rabi,Bihar,2002,77371,217191.1,1188.91,121.93,2.2948,2.8071
Maize,Rabi,Uttar Pradesh,2012,324343,1137956.54,1134.8,173.03,5.1374,3.5085
Rice,Kharif,Andhra Pradesh,2006,305784,1263039.59,1472.64,178.21,3.6397,4.1305
Maize,Rabi,Madhya Pradesh,2007,126011,465540.99,1008.62,131.85,4.2465,3.6944
Maize,Rabi,Chhattisgarh,1998,555121,1343640.13,877.43,177.86,5.8953,2.4204
Maize,Kharif,Jharkhand,2015,448410,1328753.53,574.41,81.75,1.8131,2.9633
Maize,Rabi,Gujarat,2006,171131,519451.62,791.66,153.99,0.9811,3.0354
Maize,Kharif,Telangana,1999,681149,3130913.14,686.94,113.8,1.6527,4.5965
Wheat,Rabi,Gujarat,2001,1488740,5259734.87,545.94,165.24,3.945,3.533
Rice,Kharif,Himachal Pradesh,2005,1949004,5158249.72,1017.56,88.96,2.0203,2.6466
Maize,Rabi,Punjab,2012,313474,1034529.05,449.93,169.12,6.7881,3.3002
Maize,Rabi,Tamil Nadu,2020,181578,669928.52,1053.11,70.17,0.861,3.6895
Maize,Kharif,Karnataka,1998,729161,3403063.11,1064.46,96.71,5.0015,4.6671
Maize,Rabi,Jammu and Kashmir,2009,20440,69363.55,794.86,107.61,2.4564,3.3935
Maize,Rabi,Rajasthan,1998,799993,2780353.92,592.26,122.37,5.0982,3.4755
Rice,Kharif,Maharashtra,2017,2125294,6717399.67,1298.16,157.54,3.8624,3.1607
Maize,Kharif,Maharashtra,2015,766911,2798407.94,901.41,127.45,2.8042,3.6489
Wheat,Rabi,Jammu and Kashmir,2015,1508901,7734837.66,464.77,108.47,1.6921,5.1261
Rice,Kharif,Odisha,2014,325262,827558.51,950.68,186.08,1.1548,2.5443
Maize,Kharif,Odisha,2005,726942,2230743.83,635.61,89.55,0.4119,3.0687
Maize,Rabi,Karnataka,2019,154623,1001188.9,756.59,160.7,4.392,6.475
Maize,Rabi,Odisha,2008,696691,2261477.19,808.64,88.45,4.9249,3.246
Maize,Rabi,Haryana,2017,575871,2197113.72,899.49,138.0,3.3181,3.8153
Rice,Kharif,West Bengal,2010,1094223,3295245.73,1107.84,197.0,2.3537,3.0115
Wheat,Rabi,Punjab,1998,2354302,16003123.12,538.18,242.51,5.3811,6.7974
Maize,Rabi,Jammu and Kashmir,2008,538036,1765507.11,720.45,107.23,4.0338,3.2814
Maize,Kharif,Uttarakhand,2014,242580,791632.99,645.94,93.08,6.8753,3.2634
Rice,Kharif,Rajasthan,2018,1083124,3458820.11,1410.38,158.19,1.4418,3.1934
Maize,Rabi,Odisha,2005,600048,1693255.16,425.91,136.26,6.4789,2.8219
Maize,Kharif,Madhya Pradesh,2003,319313,1199956.23,787.39,78.46,2.0612,3.7579
Rice,Kharif,Odisha,2017,2514819,7116365.31,1527.26,120.7,5.0158,2.8298
Rice,Kharif,Assam,2004,2789173,6646802.54,1195.98,162.16,3.6172,2.3831
Maize,Kharif,Jammu and Kashmir,2005,222005,701652.2,536.67,102.1,0.9408,3.1605
Maize,Rabi,Karnataka,2018,661720,3876793.25,1148.05,162.46,2.0312,5.8587
Wheat,Rabi,Maharashtra,1998,2196489,7360428.28,493.84,135.89,2.8073,3.351
Wheat,Rabi,Haryana,2005,1051105,7371898.18,687.36,159.44,0.579,7.0135
Rice,Kharif,Himachal Pradesh,2001,2057105,4549029.89,1305.39,177.38,0.9733,2.2114
Maize,Kharif,Assam,2005,118282,359455.68,976.33,75.3,3.2923,3.039
Maize,Rabi,Himachal Pradesh,1998,161445,626351.25,1048.91,174.4,0.9622,3.8797
Maize,Rabi,Uttar Pradesh,2006,720338,2445425.28,407.12,170.27,4.6727,3.3948
Wheat,Rabi,Uttar Pradesh,2019,2302824,13202209.43,557.46,217.88,5.5817,5.7331
Rice,Kharif,Rajasthan,2017,600118,1785656.55,1506.54,166.76,3.4278,2.9755
Wheat,Rabi,Gujarat,2005,1869885,6774536.47,623.72,113.8,5.1295,3.623
Maize,Kharif,Madhya Pradesh,1999,315244,1026006.18,1194.15,102.48,6.8544,3.2546
Rice,Kharif,Maharashtra,2006,1933409,5454394.35,938.3,198.12,7.7912,2.8211
Maize,Kharif,Karnataka,2013,105331,608495.59,895.14,164.9,6.9128,5.777
Maize,Kharif,Himachal Pradesh,2004,760777,3422031.84,607.4,110.91,5.3485,4.4981
Maize,Rabi,Jharkhand,2012,775033,2149816.13,1073.47,75.98,2.145,2.7738
Rice,Kharif,Punjab,2013,485818,2851902.39,1348.4,122.18,5.9394,5.8703
Maize,Rabi,Maharashtra,2006,377541,1210820.89,578.66,165.86,3.1751,3.2071
Maize,Rabi,Uttarakhand,2012,563388,1949170.54,586.93,145.19,2.9745,3.4597
Rice,Kharif,Uttarakhand,2002,2062441,5509288.08,1079.04,192.04,6.4655,2.6712
Maize,Rabi,Haryana,2008,250386,820243.03,434.25,92.75,6.391,3.2759
Rice,Kharif,Uttarakhand,2013,2055462,6509441.17,1148.85,181.29,6.357,3.1669
Maize,Kharif,Karnataka,2020,735140,4709874.71,734.27,115.85,2.303,6.4068
Wheat,Rabi,Jharkhand,2016,563310,2305414.36,335.86,206.54,2.7677,4.0926
Rice,Kharif,Gujarat,2017,1798442,5897651.58,1466.46,160.77,6.0094,3.2793
Rice,Kharif,Telangana,2000,2568302,6961207.59,1049.96,92.43,4.3056,2.7104
Maize,Kharif,Bihar,2003,628266,1715094.53,508.9,105.27,6.652,2.7299
Rice,Kharif,Andhra Pradesh,2012,1354350,6678840.8,1545.87,162.45,4.9572,4.9314
Maize,Rabi,Maharashtra,2001,210837,645358.45,908.05,130.59,1.2261,3.0609
Wheat,Rabi,Punjab,1999,2100338,14906766.99,673.06,143.78,4.3208,7.0973
Maize,Kharif,Haryana,2001,520060,1586550.66,560.14,84.93,0.8887,3.0507
Maize,Rabi,West Bengal,1997,475405,1353410.84,512.15,90.18,3.4533,2.8469
Wheat,Rabi,Jharkhand,2012,1712022,6716943.41,327.84,116.31,4.9402,3.9234
Rice,Kharif,Tamil Nadu,1997,1461779,5522492.53,881.77,125.59,3.1923,3.7779
Maize,Rabi,Himachal Pradesh,2010,24281,119862.02,701.29,169.66,3.8769,4.9365
Rice,Kharif,Chhattisgarh,2016,676004,2251740.52,871.25,124.15,7.6043,3.331
Rice,Kharif,Odisha,2010,226132,614400.0,1264.86,162.89,5.663,2.717
Rice,Kharif,Assam,2016,757813,1916679.36,839.83,154.16,5.0029,2.5292
Maize,Rabi,Himachal Pradesh,2007,312835,1354984.04,574.76,152.79,3.9013,4.3313
Wheat,Rabi,Himachal Pradesh,2007,1994466,10870506.65,586.66,154.49,2.8794,5.4503
Wheat,Rabi,Maharashtra,2004,1237398,4773317.23,415.73,140.1,5.1907,3.8575
Rice,Kharif,Bihar,2001,2146435,5405818.53,1277.39,81.97,4.3653,2.5185
Rice,Kharif,Jammu and Kashmir,2018,2384042,7738176.11,1599.06,185.39,2.0814,3.2458
Wheat,Rabi,Uttarakhand,1998,1485383,8729554.86,419.45,158.5,5.3824,5.877
Wheat,Rabi,Madhya Pradesh,2011,1605404,7168285.54,588.08,159.12,5.6531,4.4651
Maize,Kharif,Chhattisgarh,2016,272240,991448.04,868.45,154.55,0.5074,3.6418
Maize,Kharif,Maharashtra,2001,748788,2189502.61,580.38,174.22,3.8247,2.9241
Maize,Kharif,Bihar,2013,126703,364911.61,456.69,95.88,3.3358,2.8801
Maize,Kharif,Himachal Pradesh,2001,117718,499389.26,744.74,167.07,5.2016,4.2423
Maize,Kharif,West Bengal,2016,538450,1978979.76,1058.06,131.96,4.7767,3.6753
Wheat,Rabi,Punjab,2010,275674,2240866.54,563.32,180.84,2.5087,8.1287
Rice,Kharif,Assam,2019,2499400,7068502.63,1319.79,104.86,7.2116,2.8281
Maize,Kharif,Telangana,2004,290192,1337899.85,819.08,98.92,6.8353,4.6104
Rice,Kharif,Karnataka,2019,1851622,5824257.26,1581.59,109.35,0.8465,3.1455
Maize,Kharif,Jammu and Kashmir,1999,27394,77059.39,440.46,106.69,6.9262,2.813
Rice,Kharif,Odisha,2011,898550,2184378.8,1490.07,117.08,5.7885,2.431
Maize,Rabi,Punjab,2018,602586,2120780.04,1084.38,166.91,5.2107,3.5195
Maize,Rabi,Andhra Pradesh,1997,20474,92362.23,1175.2,171.9,6.0014,4.5112
Rice,Kharif,Karnataka,2015,2386781,7186556.14,1377.71,89.87,4.2028,3.011
Rice,Kharif,Assam,2008,2709380,5647069.44,915.26,161.27,7.3563,2.0843
Maize,Rabi,Punjab,1997,603782,1772174.23,860.97,96.73,3.5216,2.9351
Wheat,Rabi,Jammu and Kashmir,2018,2077111,10450498.23,661.8,206.05,1.4918,5.0313
Maize,Rabi,Madhya Pradesh,2013,50209,213169.85,443.22,110.06,1.7833,4.2457
Rice,Kharif,Telangana,1998,2934097,7610253.61,804.44,170.12,6.2753,2.5937
Maize,Rabi,Gujarat,1998,614805,1680188.28,695.22,130.88,2.6688,2.7329
Maize,Kharif,Himachal Pradesh,1998,124629,483066.49,1057.69,114.08,0.8889,3.876
Maize,Kharif,Jharkhand,2004,330236,890662.03,958.94,150.3,5.9867,2.697
Rice,Kharif,Punjab,2020,2809691,17991425.13,1452.07,157.99,3.2673,6.4033
Rice,Kharif,Telangana,2014,770317,2324916.82,1431.41,107.21,3.2893,3.0181
Maize,Rabi,Maharashtra,2016,794114,2656126.11,1163.55,86.95,2.3704,3.3448
Maize,Rabi,Punjab,2001,229993,598334.42,1197.09,101.41,6.4488,2.6015
Maize,Rabi,Rajasthan,2008,553102,2307624.45,1087.67,125.48,3.1706,4.1721
Wheat,Rabi,Bihar,2010,1639901,5851101.41,563.17,178.87,4.2975,3.568
Maize,Rabi,Jharkhand,2006,483073,1355849.23,982.27,135.6,2.6297,2.8067
Wheat,Rabi,Jammu and Kashmir,1997,1576239,6002112.32,475.24,177.64,0.9897,3.8079
Maize,Kharif,Haryana,2010,335463,1075611.12,840.07,179.65,5.976,3.2063
Rice,Kharif,Jammu and Kashmir,2001,1350552,3483829.9,1212.31,198.69,4.5727,2.5796
Rice,Kharif,Rajasthan,2009,865897,2775230.02,1163.81,128.47,0.5349,3.205
Maize,Kharif,Rajasthan,2003,577133,2220430.41,543.94,154.44,0.5776,3.8473
Maize,Rabi,Uttar Pradesh,2016,466362,1696309.72,442.58,86.35,1.9171,3.6373
Maize,Kharif,Jammu and Kashmir,2013,491849,1611959.9,963.12,70.15,4.5402,3.2773
Rice,Kharif,Haryana,1998,2299051,9852909.33,1064.92,83.31,7.0778,4.2856
Maize,Rabi,Telangana,2005,699178,3323147.41,900.07,122.84,1.0401,4.7529
Maize,Rabi,Punjab,2019,404841,1458354.42,563.36,112.97,3.9276,3.6023
Maize,Rabi,West Bengal,2014,555818,2131347.62,1189.31,77.27,6.7366,3.8346
Maize,Kharif,Jharkhand,2005,339198,925051.42,608.9,81.52,2.6559,2.7272
Rice,Kharif,Uttar Pradesh,2006,2742182,8279462.24,1235.3,102.19,7.1412,3.0193
Maize,Kharif,Chhattisgarh,2019,297701,1120673.95,1073.25,88.76,0.5192,3.7644
Wheat,Rabi,Haryana,2009,1123190,8489298.35,382.71,130.41,1.7233,7.5582
Maize,Rabi,Gujarat,2009,146678,455207.97,1175.63,146.74,1.5684,3.1035
Maize,Kharif,Uttarakhand,2006,725141,2165385.76,1196.38,107.7,6.3491,2.9862
Maize,Kharif,Karnataka,2012,449726,2715518.35,841.64,119.51,2.745,6.0382
Wheat,Rabi,Punjab,2001,1402193,10106825.46,409.29,219.9,2.7906,7.2079
Maize,Rabi,Chhattisgarh,2009,147921,491924.13,675.11,121.61,0.4549,3.3256
Maize,Rabi,Odisha,2014,197148,681903.36,1011.75,135.86,1.5031,3.4588
Wheat,Rabi,Bihar,2004,409403,1296887.46,354.24,212.51,2.6461,3.1678
Rice,Kharif,Punjab,2008,1393489,8128206.69,1211.12,193.79,1.7555,5.833
Maize,Kharif,Rajasthan,2010,418477,1780683.24,518.41,106.98,3.5406,4.2552
Rice,Kharif,Telangana,2019,2136846,7128970.61,1053.62,125.88,1.8467,3.3362
Rice,Kharif,Tamil Nadu,2000,2629945,10342036.56,834.69,173.99,7.0024,3.9324
Maize,Rabi,Madhya Pradesh,2017,629478,2632133.4,587.07,102.91,4.8017,4.1815
Maize,Rabi,Assam,2001,494131,1404880.3,498.02,119.46,1.3298,2.8431
Wheat,Rabi,Jammu and Kashmir,2006,2410224,10785609.72,611.93,132.15,1.5617,4.4749
Maize,Rabi,Rajasthan,2012,605687,2517093.11,441.3,178.94,5.7387,4.1558
Maize,Kharif,Telangana,2011,629103,3220334.11,493.48,156.06,2.4347,5.1189
Maize,Kharif,Uttarakhand,2001,257422,666939.05,572.12,108.82,0.7336,2.5908
Maize,Kharif,Uttar Pradesh,2011,752251,2650097.89,1116.64,167.08,0.9952,3.5229
Rice,Kharif,Uttar Pradesh,2013,1363948,4793333.65,1238.09,160.74,6.7377,3.5143
Wheat,Rabi,Madhya Pradesh,2000,770870,2784877.4,647.95,184.95,2.5845,3.6126
Rice,Kharif,Punjab,2018,2287845,14052651.63,1285.48,128.22,0.8374,6.1423
Wheat,Rabi,Gujarat,2011,216760,830932.63,375.94,165.93,5.3411,3.8334
Maize,Kharif,Karnataka,2003,259533,1393792.55,857.57,88.65,2.9128,5.3704
Rice,Kharif,Maharashtra,2010,963470,3075200.74,1578.62,108.32,3.7562,3.1918
Maize,Rabi,Maharashtra,2020,135738,514224.49,621.41,107.64,4.2653,3.7884
Rice,Kharif,Rajasthan,2003,1465847,3771441.42,1005.86,178.59,7.7488,2.5729
Maize,Kharif,Tamil Nadu,1998,176720,468084.77,1171.78,81.89,0.5695,2.6487
Maize,Rabi,Haryana,1997,769491,2148425.45,443.34,141.88,4.6648,2.792
Maize,Kharif,Chhattisgarh,1999,31240,85165.55,895.64,173.75,2.5648,2.7262
Maize,Rabi,Haryana,2002,350637,1070946.18,641.56,149.52,0.4755,3.0543
Rice,Kharif,Bihar,1998,1290067,3089771.98,1243.53,103.02,5.487,2.395
Wheat,Rabi,Gujarat,2004,1360971,4715376.41,631.39,214.22,4.1545,3.4647
Maize,Kharif,West Bengal,2013,170416,574256.64,412.5,123.57,0.4419,3.3697
Maize,Kharif,Himachal Pradesh,2019,400727,2072552.53,1013.69,172.17,2.8727,5.172
Maize,Kharif,Uttar Pradesh,2015,251019,1021906.86,918.47,135.18,6.4086,4.071
Maize,Kharif,Himachal Pradesh,2013,731830,3491960.12,985.43,174.49,1.2759,4.7715
Maize,Rabi,Jammu and Kashmir,2000,586478,1511565.74,1147.43,148.25,3.805,2.5774
Maize,Rabi,Bihar,2016,105780,326509.32,1065.64,126.39,3.6315,3.0867
Wheat,Rabi,Jharkhand,2017,1039497,4385385.58,360.64,213.03,2.7038,4.2188
Wheat,Rabi,Uttarakhand,1997,702592,3872668.77,406.02,230.86,2.7119,5.512
Maize,Rabi,Andhra Pradesh,2001,32560,163349.26,688.72,132.95,3.4849,5.0169
Maize,Kharif,Assam,2020,738232,2663946.83,1001.15,97.34,3.3827,3.6085
Maize,Rabi,Haryana,2007,533689,1719744.31,507.71,124.87,3.9004,3.2224
Maize,Rabi,Chhattisgarh,2014,729619,2597829.1,690.05,159.87,6.2722,3.5605
Maize,Kharif,Jharkhand,1998,315636,713989.0,581.99,89.74,0.4934,2.2621
Rice,Kharif,Chhattisgarh,2000,690214,1902241.22,1349.46,136.91,1.1842,2.756
Maize,Rabi,Tamil Nadu,2000,612616,1858623.7,759.12,171.66,4.1256,3.0339
Maize,Kharif,Himachal Pradesh,2008,618805,2753299.4,602.91,164.05,3.1955,4.4494
Wheat,Rabi,Jammu and Kashmir,2011,1744593,8142183.84,429.38,103.74,2.886,4.6671
Maize,Kharif,Tamil Nadu,1997,179389,524444.32,725.13,122.95,6.1067,2.9235
Wheat,Rabi,Uttarakhand,2016,546331,4295494.22,499.68,246.01,1.9017,7.8624
Maize,Kharif,Chhattisgarh,2002,21405,58888.94,592.53,77.4,4.32,2.7512
Rice,Kharif,Telangana,2003,2096209,6088599.18,812.59,143.87,3.585,2.9046
Maize,Kharif,Jharkhand,2014,631680,1871007.54,818.5,176.71,1.5366,2.962
Maize,Rabi,Tamil Nadu,1999,82449,259554.93,753.38,108.01,4.278,3.1481
Maize,Rabi,Jharkhand,2008,575143,1555954.34,726.92,90.79,5.0804,2.7053
Maize,Rabi,Uttarakhand,2008,336246,1040638.42,727.08,81.72,3.2121,3.0949
Wheat,Rabi,Rajasthan,2012,336712,1331587.85,595.75,206.79,5.0695,3.9547
Maize,Kharif,Madhya Pradesh,2013,161465,692134.34,948.2,176.54,3.5311,4.2866
Maize,Rabi,Uttarakhand,1999,440037,1214248.5,923.94,161.71,4.4633,2.7594
Maize,Rabi,Chhattisgarh,1999,671269,1801656.13,1059.08,170.03,2.3945,2.684
Maize,Kharif,Karnataka,2005,63896,361353.74,586.1,94.07,3.8746,5.6553
Maize,Rabi,Andhra Pradesh,2013,188027,1052280.3,888.43,74.14,1.588,5.5964
Rice,Kharif,Jharkhand,2003,253484,547729.29,1411.47,129.49,6.8191,2.1608
Maize,Rabi,Karnataka,2007,309694,1767779.62,949.29,171.33,1.2756,5.7081
Rice,Kharif,West Bengal,2001,392278,1087630.47,1099.93,83.38,7.4812,2.7726
Maize,Rabi,Jharkhand,1997,577092,1189249.85,428.82,110.61,4.0467,2.0608
Wheat,Rabi,Maharashtra,2008,30266,112690.24,425.29,217.85,4.3595,3.7233
Maize,Kharif,Jharkhand,2008,451157,1261368.42,507.11,122.49,1.9346,2.7959
Rice,Kharif,Bihar,2013,1133131,3474120.63,1564.48,111.76,3.8043,3.0659
Wheat,Rabi,Haryana,2011,2064969,15796289.84,575.15,230.02,5.3592,7.6496
Maize,Rabi,Assam,1998,761321,2218097.0,554.07,83.15,3.9367,2.9135
Wheat,Rabi,Rajasthan,2000,2390659,7839206.76,538.49,232.5,1.1868,3.2791
Maize,Rabi,Odisha,2019,522459,1784616.21,729.02,153.8,1.2001,3.4158
Wheat,Rabi,Punjab,2014,653761,5401542.56,364.5,117.54,5.9645,8.2623
Wheat,Rabi,Punjab,2011,867995,6937850.66,326.45,239.07,5.9181,7.993
Rice,Kharif,West Bengal,2002,2041843,5428925.25,1452.6,124.2,5.5535,2.6588
Maize,Kharif,Karnataka,2016,350429,2024255.73,1175.82,142.18,6.6759,5.7765
Rice,Kharif,Rajasthan,2012,262761,753887.94,904.06,136.49,5.5662,2.8691
Rice,Kharif,Andhra Pradesh,2010,190552,886634.79,959.34,168.24,1.2047,4.653
Maize,Kharif,Gujarat,2014,155698,503247.02,410.32,127.0,2.8619,3.2322
Wheat,Rabi,Uttarakhand,2014,500213,3724739.9,423.23,160.24,5.093,7.4463
Rice,Kharif,Madhya Pradesh,2001,1825259,4576584.31,888.95,114.57,2.7586,2.5074
Maize,Kharif,West Bengal,2014,151347,497718.88,1068.41,135.77,1.348,3.2886
Maize,Kharif,Punjab,1997,351479,960733.81,456.69,96.18,4.8153,2.7334
Maize,Kharif,Jammu and Kashmir,2018,309691,1069859.6,752.33,139.45,6.4239,3.4546
Maize,Rabi,Andhra Pradesh,2006,256974,1318672.16,1119.75,158.6,5.6956,5.1315
Rice,Kharif,Uttar Pradesh,2007,2989059,9215771.75,909.73,179.68,1.2869,3.0832
Maize,Rabi,Uttarakhand,2004,176790,515626.59,797.13,108.14,3.8137,2.9166
Maize,Rabi,Telangana,2010,691563,3331923.68,1156.14,77.33,4.7585,4.818
Maize,Kharif,Maharashtra,1997,199851,478437.93,454.82,77.48,6.088,2.394
Maize,Kharif,Punjab,2014,421869,1412624.91,518.36,163.92,2.8396,3.3485
Maize,Rabi,Jammu and Kashmir,2006,698805,2090966.71,480.78,127.23,4.5105,2.9922
Maize,Rabi,Bihar,2006,670213,1972447.61,866.86,173.87,0.87,2.943
Maize,Rabi,Punjab,2014,373422,1350466.68,646.47,119.01,4.1028,3.6165
Maize,Rabi,Jammu and Kashmir,2011,44211,154567.59,1022.23,170.47,3.3289,3.4961
Maize,Kharif,Maharashtra,2014,462250,1574575.5,1094.68,139.08,3.5419,3.4063
Maize,Kharif,Punjab,2008,648863,2197329.03,947.33,153.29,1.3264,3.3864
Wheat,Rabi,Haryana,2008,1342890,10373331.9,494.34,149.25,4.0587,7.7246
Rice,Kharif,Madhya Pradesh,1997,1637688,3826428.09,863.04,115.18,5.2148,2.3365
Maize,Rabi,Assam,2016,492227,1774579.07,928.68,132.53,2.0723,3.6052
Maize,Rabi,Karnataka,2009,180715,1010512.89,912.46,172.14,3.184,5.5917
Maize,Kharif,Jammu and Kashmir,2007,720706,2331781.08,1108.53,111.95,5.655,3.2354
Maize,Rabi,Uttar Pradesh,2001,297227,995810.26,599.69,82.48,5.2555,3.3503
Maize,Rabi,Madhya Pradesh,2016,636548,2642344.95,705.11,113.87,1.5749,4.1511
Wheat,Rabi,Rajasthan,2005,362486,1297630.83,532.93,138.82,4.9327,3.5798
Maize,Kharif,West Bengal,1997,68556,194659.07,722.1,107.32,6.087,2.8394
Rice,Kharif,Uttar Pradesh,2020,778221,2811149.3,812.0,158.48,0.5899,3.6123
Maize,Kharif,Haryana,2012,5884,21446.98,962.68,160.28,2.771,3.645
Maize,Rabi,Telangana,2012,290831,1548965.43,667.97,99.38,1.0486,5.326
Maize,Kharif,Bihar,1998,626254,1780184.59,614.72,163.69,5.8828,2.8426
Maize,Kharif,West Bengal,2011,329553,1161772.47,984.13,175.71,2.306,3.5253
Rice,Kharif,Bihar,2019,927605,2689159.57,1381.84,174.16,6.4325,2.899
Wheat,Rabi,Uttar Pradesh,2004,1896314,8965526.65,405.13,229.33,0.7958,4.7279
Rice,Kharif,Himachal Pradesh,2009,974350,3060209.55,1341.53,107.59,2.868,3.1408
Maize,Kharif,Madhya Pradesh,2015,228297,973122.33,928.64,160.63,6.5915,4.2625
Rice,Kharif,Telangana,2017,2640246,9256209.0,981.35,147.44,4.1477,3.5058
Maize,Rabi,Himachal Pradesh,2006,44178,206618.14,700.15,140.44,5.4902,4.6769
Wheat,Rabi,Jammu and Kashmir,2001,145833,658170.64,542.04,201.86,5.7083,4.5132
Maize,Rabi,Gujarat,2008,562244,1765708.91,802.66,82.93,3.5828,3.1405
Rice,Kharif,Telangana,2015,2139329,6677408.26,1342.49,196.65,3.3697,3.1213
Rice,Kharif,Rajasthan,2007,1487483,4132270.72,946.3,128.09,7.7173,2.778
Maize,Rabi,Himachal Pradesh,1997,175395,716119.21,1180.96,159.18,6.2173,4.0829
Maize,Kharif,Tamil Nadu,2002,396774,1115595.69,732.68,130.42,3.5075,2.8117
Maize,Rabi,Gujarat,2017,129535,501238.94,881.28,114.95,1.1977,3.8695
Wheat,Rabi,Himachal Pradesh,1999,647975,2924336.65,498.13,105.55,3.1631,4.513
Maize,Rabi,Punjab,2003,420973,1070042.81,1175.14,105.9,4.5852,2.5418
Wheat,Rabi,Bihar,2011,1904187,6498627.26,482.76,231.67,5.3033,3.4128
Maize,Rabi,Karnataka,2001,139568,693305.88,1102.37,155.83,4.6226,4.9675
Wheat,Rabi,Madhya Pradesh,2001,2096764,7971992.49,446.94,219.59,1.8203,3.802
Wheat,Rabi,Haryana,2013,1646217,13384102.76,658.58,194.59,2.3478,8.1302
Maize,Rabi,Odisha,2016,648687,2102715.65,549.08,139.38,1.0135,3.2415
Rice,Kharif,Jharkhand,2019,1619119,3769904.11,1003.62,90.17,6.1372,2.3284
Maize,Rabi,Bihar,2003,422584,1175605.72,1174.98,102.06,4.9867,2.7819
Maize,Rabi,Tamil Nadu,2003,438911,1346426.72,710.24,79.32,6.3475,3.0677
Rice,Kharif,Tamil Nadu,2006,2041557,8582523.88,1258.17,108.28,2.7414,4.2039
Maize,Kharif,Tamil Nadu,2020,154645,579051.96,615.22,93.05,5.3387,3.7444
Maize,Kharif,Bihar,2018,468385,1521847.87,443.83,137.18,3.2501,3.2491
Maize,Kharif,Chhattisgarh,2001,58063,172317.07,632.17,112.26,4.4615,2.9678
Maize,Kharif,Uttarakhand,2003,613717,1724528.14,950.13,94.31,2.8692,2.81
Rice,Kharif,Haryana,2019,515437,2849253.12,1070.71,105.23,3.9215,5.5278
Maize,Kharif,Chhattisgarh,2011,724150,2687972.59,666.63,113.57,4.1549,3.7119
Maize,Kharif,Punjab,2017,697439,2612796.46,1100.65,176.99,3.1674,3.7463
Maize,Kharif,Andhra Pradesh,2018,384030,2459340.27,813.81,74.78,5.1601,6.404
Maize,Rabi,Telangana,2020,347360,1908404.14,1122.12,154.29,1.8545,5.494
Maize,Kharif,Bihar,2004,635193,1715770.82,880.01,136.84,5.5412,2.7012
Wheat,Rabi,Punjab,2003,815021,6188804.14,547.91,137.86,2.3203,7.5934
Maize,Rabi,Rajasthan,2009,183895,787130.22,422.86,142.99,6.0784,4.2803
Maize,Kharif,Odisha,2008,235019,763776.59,1064.29,136.09,5.6445,3.2499
Maize,Kharif,Jammu and Kashmir,2019,348032,1353873.77,658.14,138.95,4.5228,3.8901
Rice,Kharif,Tamil Nadu,1998,236170,877861.15,1367.03,80.2,7.4418,3.7171
Rice,Kharif,Karnataka,2013,2008553,6798212.51,1328.38,89.09,3.9008,3.3846
Maize,Kharif,Uttar Pradesh,2006,241047,915322.03,942.16,99.6,3.1027,3.7973
Rice,Kharif,Rajasthan,2015,651327,2034246.78,1115.85,163.4,7.8318,3.1232
Maize,Kharif,West Bengal,2010,398282,1391082.93,1012.57,171.88,2.077,3.4927
Maize,Rabi,Punjab,2013,356801,1122005.03,450.58,100.13,5.3998,3.1446
Wheat,Rabi,Haryana,2006,1140029,8027991.33,591.52,190.75,0.8089,7.0419
Wheat,Rabi,Jharkhand,2000,1864067,6351256.49,465.67,132.34,3.2204,3.4072
Wheat,Rabi,Haryana,2016,1677465,14078105.67,574.74,207.0,4.3382,8.3925
Rice,Kharif,Tamil Nadu,2005,1234080,5368635.52,1418.82,117.28,1.1479,4.3503
Rice,Kharif,Gujarat,2001,333867,848862.66,1562.72,145.29,6.3981,2.5425
Maize,Rabi,Telangana,2013,742290,3981259.91,724.29,156.88,2.8448,5.3635
Wheat,Rabi,Jharkhand,2013,2439952,9728958.88,393.19,110.81,4.4921,3.9874
Maize,Kharif,Haryana,2002,344320,961967.29,1148.66,70.75,2.9316,2.7938
Maize,Rabi,Odisha,2002,406058,1188889.37,758.83,170.88,2.8915,2.9279
Maize,Rabi,Himachal Pradesh,2003,370249,1496558.88,649.51,120.09,1.7653,4.042
Maize,Rabi,Bihar,1997,334445,918638.7,590.95,113.54,4.8332,2.7468
Maize,Rabi,Andhra Pradesh,2000,273402,1279237.45,557.82,136.26,5.4174,4.679
Rice,Kharif,Jammu and Kashmir,2002,1502753,4320541.04,1539.21,158.72,6.105,2.8751
Rice,Kharif,Odisha,2018,2707264,8144751.88,986.99,186.34,2.5187,3.0085
Maize,Kharif,Andhra Pradesh,2007,113584,573016.19,709.92,136.06,6.2258,5.0449
Wheat,Rabi,Rajasthan,2010,1083484,4309099.0,319.63,133.11,4.3917,3.9771
Wheat,Rabi,Bihar,2016,200890,725746.79,302.14,175.68,2.4713,3.6127
Rice,Kharif,Chhattisgarh,2005,406106,1069305.27,1264.62,140.65,5.2791,2.6331
Maize,Rabi,West Bengal,2015,566862,1856986.1,571.26,99.17,2.3623,3.2759
Wheat,Rabi,Jammu and Kashmir,2004,400664,1633211.94,592.37,168.77,4.0856,4.0763
Maize,Kharif,Himachal Pradesh,2003,114627,504710.92,636.35,171.26,0.9666,4.4031
Maize,Kharif,Maharashtra,2013,268592,1008543.61,667.44,158.57,5.4055,3.7549
Maize,Rabi,Assam,2018,617018,2137949.96,1108.18,155.3,1.3729,3.465
Maize,Kharif,Assam,2018,68429,240020.79,502.14,134.3,3.7866,3.5076
Maize,Kharif,Himachal Pradesh,2014,49582,232833.52,557.08,73.61,4.7546,4.6959
Maize,Rabi,Andhra Pradesh,2009,365857,1823391.11,415.87,83.34,6.1246,4.9839
Maize,Kharif,Telangana,2018,352618,1922650.56,1045.82,111.35,3.0421,5.4525
Wheat,Rabi,Haryana,2019,1058675,9155444.51,421.09,222.33,4.1962,8.648
Rice,Kharif,Punjab,2001,1884892,9164087.33,873.37,189.26,6.6253,4.8619
Wheat,Rabi,Jammu and Kashmir,2017,2179917,10856400.15,677.46,112.72,2.0944,4.9802
Rice,Kharif,Maharashtra,1997,1566807,3968075.34,1261.88,164.55,0.8437,2.5326
Wheat,Rabi,Jharkhand,2004,2062938,7222332.03,356.87,194.86,3.8785,3.501
Maize,Rabi,Karnataka,2008,757146,4242453.01,1053.56,142.72,3.1365,5.6032
Maize,Kharif,Punjab,2001,528285,1628384.96,814.2,170.49,1.1772,3.0824
Maize,Rabi,Maharashtra,1997,602347,1810534.54,596.97,135.4,4.4879,3.0058
Maize,Rabi,Assam,2009,564713,1922156.41,647.73,108.19,3.9618,3.4038
Maize,Rabi,Jharkhand,2003,108396,271435.32,606.99,126.17,3.8241,2.5041
Maize,Kharif,Haryana,2007,669000,1960566.32,1069.97,134.77,5.4962,2.9306
Rice,Kharif,Chhattisgarh,2020,149377,498628.76,983.21,167.94,3.0705,3.3381
Maize,Rabi,Chhattisgarh,2008,782407,2363258.0,1126.29,162.09,4.2024,3.0205
Wheat,Rabi,Maharashtra,2011,2408866,9740183.16,537.52,178.78,5.292,4.0435
Maize,Rabi,Uttar Pradesh,1997,747225,2314659.79,904.88,95.18,6.3758,3.0977
Rice,Kharif,Gujarat,2011,334432,970017.4,1245.87,193.83,1.3879,2.9005
Wheat,Rabi,Bihar,2008,1517793,4947961.94,353.72,209.95,5.3039,3.26
Wheat,Rabi,Jharkhand,2001,250577,866196.3,330.02,195.63,2.3709,3.4568
Wheat,Rabi,Himachal Pradesh,2019,1581606,9427733.98,355.58,231.06,2.0418,5.9609
Rice,Kharif,Andhra Pradesh,2011,2152401,9105048.91,1020.7,87.44,2.4326,4.2302
Maize,Kharif,Himachal Pradesh,1997,592080,2389955.0,1107.31,114.7,4.4964,4.0365
Maize,Rabi,Haryana,1998,790408,2162983.27,831.54,179.99,2.7097,2.7365
Wheat,Rabi,Himachal Pradesh,2008,2484791,13517834.54,385.1,105.5,1.7855,5.4402
Rice,Kharif,Madhya Pradesh,2007,260051,725466.53,879.85,100.96,0.7958,2.7897
Rice,Kharif,Haryana,2018,147573,798779.67,1071.97,101.66,0.6804,5.4128
Maize,Kharif,Uttar Pradesh,2014,714952,2810160.77,937.25,79.61,3.7778,3.9306
Maize,Rabi,Rajasthan,2001,261773,967248.03,1043.75,145.35,2.3631,3.695
Wheat,Rabi,Punjab,2009,807620,7008923.31,499.6,129.95,4.4919,8.6785
Maize,Kharif,Punjab,2007,210438,608878.18,550.03,172.32,2.9931,2.8934
Wheat,Rabi,Jammu and Kashmir,2010,978959,4656799.86,512.66,128.42,3.2993,4.7569
Maize,Rabi,West Bengal,1998,26369,76383.94,897.07,96.24,3.5255,2.8967
Maize,Rabi,Maharashtra,2009,477161,1682607.81,731.19,90.23,0.5525,3.5263
Rice,Kharif,Madhya Pradesh,2019,2295917,7419503.9,1035.35,97.83,2.3538,3.2316
Rice,Kharif,Jammu and Kashmir,2019,1556144,5424555.11,1521.18,115.34,4.2632,3.4859
Wheat,Rabi,Uttar Pradesh,2006,1185859,5766372.7,637.14,228.74,4.2037,4.8626
Maize,Rabi,Uttarakhand,2016,565333,1925936.64,414.33,113.44,0.4878,3.4067
Wheat,Rabi,Maharashtra,1999,1750394,6389942.28,435.95,218.16,1.8229,3.6506
Wheat,Rabi,Jammu and Kashmir,2014,1175711,5943506.55,378.29,112.54,5.1419,5.0552
Maize,Kharif,Rajasthan,2002,89148,341736.82,946.18,142.8,3.9594,3.8334
Maize,Kharif,Uttar Pradesh,2001,395084,1275326.6,755.15,78.46,1.3088,3.228
Maize,Kharif,Odisha,2013,346974,1230660.83,582.23,96.08,3.1231,3.5468
Maize,Rabi,Madhya Pradesh,2003,627651,2473670.36,893.34,120.36,1.2942,3.9412
Rice,Kharif,Madhya Pradesh,1998,2836014,7489547.46,1536.62,154.78,5.4754,2.6409
Rice,Kharif,Chhattisgarh,2010,1506756,4345669.11,1444.42,132.65,1.9472,2.8841
Maize,Rabi,Andhra Pradesh,2002,145057,728299.91,782.55,120.05,6.9263,5.0208
Maize,Kharif,Rajasthan,2013,156981,680388.95,572.93,137.04,1.5752,4.3342
Maize,Kharif,Andhra Pradesh,2011,526800,2843539.05,1084.33,129.79,0.438,5.3978
Rice,Kharif,Telangana,2010,2375826,7180672.14,928.27,143.74,3.8704,3.0224
Rice,Kharif,Uttar Pradesh,2000,1428078,3936142.55,1419.49,174.64,4.9699,2.7563
Maize,Kharif,Gujarat,1998,474945,1308895.09,1034.35,80.24,1.8625,2.7559
Maize,Rabi,Chhattisgarh,2011,208440,692609.16,664.41,107.17,4.8383,3.3228
Wheat,Rabi,Himachal Pradesh,2004,1557996,8352386.0,481.88,173.21,3.6171,5.361
Maize,Kharif,Uttarakhand,2016,226321,814053.22,548.07,152.17,4.3867,3.5969
Rice,Kharif,Uttarakhand,2010,2394719,7256243.17,1035.77,163.64,1.9233,3.0301
Rice,Kharif,Uttarakhand,1999,1987669,5159892.85,1130.6,102.51,3.2133,2.596
Maize,Rabi,Andhra Pradesh,2012,21470,116383.66,515.2,167.34,4.7423,5.4208
Wheat,Rabi,Bihar,2007,1935582,6780923.26,477.68,185.96,0.8017,3.5033
Wheat,Rabi,Bihar,2001,1357258,3885962.51,341.04,149.19,1.9851,2.8631
Rice,Kharif,Bihar,2004,628257,1562849.0,1259.84,130.76,4.15,2.4876
Maize,Kharif,Maharashtra,2000,649883,2102550.33,875.26,112.29,4.2302,3.2353
Maize,Rabi,Jharkhand,2004,460589,1192855.48,492.79,137.35,0.7632,2.5898
Rice,Kharif,Jammu and Kashmir,2008,2352048,6156595.53,1169.01,145.96,2.6799,2.6175
Rice,Kharif,Punjab,2003,2578838,13605934.1,831.64,88.73,6.5349,5.276
Maize,Rabi,Karnataka,2002,579251,2860538.42,1122.31,92.24,3.942,4.9383
Maize,Kharif,Uttar Pradesh,2020,793086,3198329.79,977.8,126.06,3.6249,4.0328
Wheat,Rabi,Uttar Pradesh,1999,952462,4252640.99,696.9,236.94,2.9303,4.4649
Rice,Kharif,Haryana,2010,2021938,10064663.73,945.28,187.48,2.3756,4.9777
Maize,Rabi,Uttar Pradesh,1999,360007,1184538.44,898.61,113.72,0.9301,3.2903
Maize,Kharif,Uttar Pradesh,1997,240612,713668.64,451.22,72.31,4.0559,2.9661
Maize,Rabi,Assam,2005,439130,1434802.55,794.47,111.66,4.0038,3.2674
Maize,Kharif,Rajasthan,2008,480497,2075917.52,877.23,77.57,2.8962,4.3204
Maize,Rabi,Andhra Pradesh,1998,641745,2752388.43,1170.99,149.02,5.5334,4.2889
Wheat,Rabi,Gujarat,2014,2416387,9992782.12,566.76,219.94,4.4527,4.1354
Maize,Rabi,Jharkhand,2007,660744,1763288.13,892.49,142.81,3.6376,2.6686
Maize,Kharif,Maharashtra,2018,660725,2575942.04,757.16,83.73,6.8319,3.8987
Wheat,Rabi,Gujarat,2015,665615,2760045.29,502.67,158.71,3.1197,4.1466
Maize,Rabi,Chhattisgarh,2002,56040,172039.55,595.79,74.87,3.2972,3.0699
Maize,Rabi,Jharkhand,2018,363143,1062361.03,551.48,122.33,4.9662,2.9255
Rice,Kharif,Telangana,2001,1969647,5283470.16,829.59,104.19,6.4333,2.6824
Maize,Kharif,Haryana,2004,135272,428915.96,1143.55,87.38,3.413,3.1708
Maize,Rabi,Jammu and Kashmir,1998,222881,600285.73,900.41,99.11,0.9358,2.6933
Maize,Rabi,Maharashtra,2003,355996,1054202.04,744.49,160.59,4.6968,2.9613
Wheat,Rabi,Jharkhand,2006,529560,1751691.28,572.47,136.29,3.0861,3.3078
Rice,Kharif,Karnataka,2016,620812,1886943.92,802.46,104.01,2.7916,3.0395
Maize,Kharif,Himachal Pradesh,2002,188640,877935.79,900.79,116.99,3.6711,4.654
Rice,Kharif,Karnataka,2005,1965732,5181190.72,806.38,104.08,4.7286,2.6358
Maize,Kharif,Uttar Pradesh,2019,427962,1659472.8,1010.27,145.96,2.3776,3.8776
Maize,Rabi,Haryana,2010,766127,2667216.18,658.76,96.48,4.0011,3.4814
Maize,Kharif,Punjab,2000,24651,69783.83,767.8,78.56,2.4662,2.8309
Rice,Kharif,Chhattisgarh,2017,2847837,8482406.74,1186.31,100.79,1.6724,2.9785
Rice,Kharif,Gujarat,2016,2764162,8541229.13,1289.6,107.44,1.1673,3.09
Maize,Kharif,Assam,2013,637958,2287014.41,525.43,157.4,6.6882,3.5849
Wheat,Rabi,Bihar,2019,1711874,6320294.05,628.74,213.67,0.3678,3.692
Wheat,Rabi,Himachal Pradesh,1997,898346,3972191.63,671.57,213.29,4.2322,4.4217
Rice,Kharif,Himachal Pradesh,1999,266475,613802.3,962.85,145.91,7.4575,2.3034
Maize,Kharif,Uttar Pradesh,2005,507300,1747501.86,448.78,100.78,1.3058,3.4447
Maize,Kharif,Gujarat,2003,434016,1328697.28,938.38,85.31,2.3987,3.0614
Maize,Kharif,Assam,2019,148110,582204.0,661.69,152.35,3.5994,3.9309
Maize,Rabi,Assam,2008,457457,1482585.13,817.64,110.74,0.6867,3.2409
Wheat,Rabi,Bihar,2020,2263170,7957883.36,361.12,209.0,1.7666,3.5163
Maize,Rabi,Rajasthan,1997,464469,1723112.48,1067.0,147.39,4.4371,3.7099
Wheat,Rabi,Uttar Pradesh,2002,907525,4070823.57,380.83,180.79,5.6182,4.4856
Rice,Kharif,Andhra Pradesh,2014,630516,2824792.93,1585.0,108.64,1.3517,4.4801
Wheat,Rabi,Rajasthan,1997,479207,1440622.91,671.64,231.81,5.0405,3.0063
Rice,Kharif,Uttarakhand,2016,2122611,7071492.96,894.81,165.63,1.9291,3.3315
Maize,Kharif,Maharashtra,2019,368627,1287134.29,960.25,148.28,2.3632,3.4917
Maize,Kharif,Andhra Pradesh,2012,442503,2399754.23,523.41,179.72,4.8224,5.4231
Maize,Kharif,Jharkhand,2012,438007,1232413.64,1016.29,96.17,3.3052,2.8137
Maize,Kharif,Telangana,2020,794842,4374637.88,1155.37,146.99,1.0961,5.5038
Rice,Kharif,Bihar,2007,242472,659879.78,807.74,96.61,5.354,2.7215
Maize,Kharif,Tamil Nadu,2009,639992,2170227.52,559.17,133.35,4.6843,3.391
Maize,Kharif,Uttar Pradesh,2000,456574,1302273.97,540.56,111.82,5.0442,2.8523
Rice,Kharif,Haryana,2006,2416621,11663345.97,849.31,170.27,5.506,4.8263
Maize,Rabi,Jammu and Kashmir,2015,316870,1078823.26,568.31,167.93,6.4449,3.4046
Rice,Kharif,Himachal Pradesh,2019,1837202,6250968.96,1160.92,131.9,3.2563,3.4024
Maize,Rabi,West Bengal,2003,780584,2228227.25,711.7,109.68,1.004,2.8546
Rice,Kharif,Assam,2013,1920164,4513006.66,815.01,139.72,5.3965,2.3503
Maize,Kharif,Rajasthan,2007,593534,2462623.89,711.11,126.2,5.6591,4.1491
Maize,Rabi,Assam,2017,313261,1217830.43,788.74,157.03,1.3381,3.8876
Maize,Rabi,Telangana,2001,718449,3597408.87,888.83,84.15,1.0381,5.0072
Maize,Rabi,Chhattisgarh,1997,673061,1818113.97,1183.84,87.77,3.3161,2.7013
Rice,Kharif,Odisha,2007,1428503,3566682.63,1086.02,132.53,5.1636,2.4968
Wheat,Rabi,Uttarakhand,2010,254528,1696370.64,629.46,139.87,0.5317,6.6648
Maize,Rabi,Tamil Nadu,2016,481111,1642929.57,902.69,99.63,4.7428,3.4149
Maize,Rabi,Himachal Pradesh,2004,128791,527673.53,1017.14,73.23,5.7269,4.0971
Wheat,Rabi,Himachal Pradesh,2017,2174912,12826608.93,617.84,154.27,0.4696,5.8975
Rice,Kharif,Himachal Pradesh,1997,2501931,6164544.53,1142.75,150.02,3.215,2.4639
Maize,Kharif,Chhattisgarh,2008,560552,1870518.62,743.17,173.23,3.582,3.3369
Maize,Kharif,Madhya Pradesh,2006,709505,2642750.29,686.8,103.02,1.5219,3.7248
Wheat,Rabi,Punjab,2015,1107503,9619035.52,516.98,221.42,3.381,8.6853
Wheat,Rabi,Maharashtra,2017,2131884,8795598.78,499.36,230.57,1.1795,4.1257
Rice,Kharif,Himachal Pradesh,1998,2970721,7308865.27,1107.18,127.96,1.6068,2.4603
Rice,Kharif,Uttarakhand,2009,2511328,6713624.72,1489.62,137.84,2.4336,2.6733
Maize,Rabi,Assam,2006,564711,1771756.73,559.53,111.04,0.4929,3.1375
Maize,Kharif,Uttarakhand,2013,533709,1834609.32,426.9,128.42,3.5632,3.4375
Maize,Kharif,Tamil Nadu,2019,412888,1504658.3,1164.08,165.23,1.2576,3.6442
Rice,Kharif,Uttar Pradesh,2014,2619016,9924484.14,1233.95,175.34,6.4077,3.7894
Maize,Rabi,Telangana,2007,678462,3205497.54,890.96,138.32,6.7287,4.7247
Rice,Kharif,Uttarakhand,2007,2920850,7656786.7,1503.96,167.27,7.1882,2.6214
Wheat,Rabi,Jammu and Kashmir,2012,635859,3102041.69,481.19,143.73,3.8088,4.8785
Maize,Rabi,Karnataka,2004,677741,3219484.02,1194.35,85.71,3.9014,4.7503
Maize,Rabi,Maharashtra,2011,73079,223771.86,634.27,84.8,4.9845,3.0621
Rice,Kharif,Uttar Pradesh,2004,1022472,2968079.15,1438.2,155.57,1.8979,2.9028
Maize,Kharif,Assam,2009,631612,1988525.31,765.23,152.38,6.1901,3.1483
Rice,Kharif,Bihar,2016,609980,1854172.72,1008.54,162.5,6.7008,3.0397
Rice,Kharif,Tamil Nadu,2004,2553877,10497992.53,1110.91,127.11,1.3567,4.1106
Maize,Rabi,Tamil Nadu,2014,618635,2095911.43,643.13,131.52,3.4588,3.388
Rice,Kharif,Chhattisgarh,2011,1774914,5019057.47,1042.68,169.47,6.6627,2.8278
Maize,Kharif,Uttar Pradesh,2002,123118,408633.18,664.55,150.42,4.6787,3.319
Wheat,Rabi,Maharashtra,2018,737862,3218856.89,465.27,234.29,4.3088,4.3624
Maize,Rabi,Telangana,1998,552957,2317661.58,704.3,169.94,2.3625,4.1914
Maize,Rabi,Uttarakhand,2015,156950,550327.5,690.4,148.72,5.821,3.5064
Wheat,Rabi,Madhya Pradesh,2015,1329356,5854729.87,641.15,166.38,0.5051,4.4042
Maize,Kharif,Andhra Pradesh,2005,412290,2125758.85,683.84,162.31,5.9785,5.156
Maize,Rabi,Jharkhand,2002,772051,2005400.27,860.89,133.52,5.4988,2.5975
Maize,Kharif,Chhattisgarh,2003,567986,1759734.69,875.06,170.58,1.1218,3.0982
Maize,Rabi,Bihar,2011,604121,1868601.55,983.78,139.19,6.9154,3.0931
Maize,Kharif,Uttar Pradesh,2010,265846,925230.86,856.02,174.23,4.0856,3.4803
Wheat,Rabi,Uttarakhand,2019,1761909,13816155.09,383.83,167.5,3.4831,7.8416
Rice,Kharif,Jharkhand,2008,71096,154050.42,1258.17,127.29,4.6064,2.1668
Maize,Kharif,Bihar,2008,673595,1893395.35,414.9,149.15,4.7675,2.8109
Rice,Kharif,Bihar,2012,916448,2414756.14,1234.02,145.92,2.5329,2.6349
Rice,Kharif,Madhya Pradesh,2011,2618794,8506775.72,1498.16,162.38,3.63,3.2484
Rice,Kharif,Bihar,2017,856150,2561590.17,1175.39,132.57,4.3073,2.992
Wheat,Rabi,Uttar Pradesh,1998,2347929,10247578.47,399.68,227.25,2.9018,4.3645
Rice,Kharif,Andhra Pradesh,1999,1164143,4601084.62,1461.3,88.57,1.7444,3.9523
Maize,Rabi,Telangana,2000,405422,1839929.42,802.33,116.05,1.4696,4.5383
Rice,Kharif,Gujarat,2008,705668,2118687.04,1226.77,96.37,3.4324,3.0024
Rice,Kharif,Jharkhand,2005,311233,701728.56,1147.99,195.71,2.2758,2.2547
Rice,Kharif,Assam,2007,749520,1808850.66,890.45,163.54,0.9398,2.4133
Maize,Kharif,Telangana,1997,30990,121572.28,543.49,171.69,5.5638,3.923
Maize,Rabi,Gujarat,2003,448681,1396127.49,1031.26,78.14,6.9386,3.1116
Maize,Rabi,Bihar,2020,702640,2716333.8,865.96,178.64,1.0392,3.8659
Rice,Kharif,Jammu and Kashmir,2010,1954545,5287598.04,800.58,156.56,3.3428,2.7053
Maize,Rabi,Madhya Pradesh,2008,435859,1683247.25,417.96,74.75,4.185,3.8619
Maize,Rabi,West Bengal,2001,751385,2071937.8,967.65,147.02,1.549,2.7575
Wheat,Rabi,Haryana,2007,238866,1693937.37,304.66,240.16,3.1817,7.0916
Maize,Kharif,Andhra Pradesh,2014,797843,4519052.52,700.62,70.73,4.6161,5.6641
Wheat,Rabi,Gujarat,2016,722471,3114937.26,501.5,239.55,5.304,4.3115
Rice,Kharif,Haryana,1997,967034,4008853.53,986.13,152.24,4.7093,4.1455
Maize,Rabi,Uttarakhand,2009,236307,717998.47,610.38,116.45,1.9811,3.0384
Maize,Rabi,Rajasthan,2000,716332,2778201.58,709.25,97.72,6.0203,3.8784
Maize,Kharif,Maharashtra,2008,173956,565289.17,507.78,126.39,6.2793,3.2496
Wheat,Rabi,Uttarakhand,2006,2000542,13795759.48,534.75,152.46,1.232,6.896
Rice,Kharif,West Bengal,2014,2393737,7653330.28,1363.9,147.29,6.3018,3.1972
Maize,Rabi,Chhattisgarh,2000,514892,1538383.36,553.6,180.0,1.4226,2.9878
Maize,Rabi,Odisha,2011,336862,1077890.03,607.73,133.27,4.5134,3.1998
Maize,Kharif,Telangana,2001,307620,1300018.27,458.83,125.47,5.4451,4.2261
Maize,Rabi,Andhra Pradesh,2014,489567,2799146.77,968.2,153.08,1.3037,5.7176
Maize,Rabi,Jharkhand,2005,83645,222032.47,837.64,168.79,1.0145,2.6545
Wheat,Rabi,Uttar Pradesh,2001,1072474,4726071.44,314.65,197.04,1.9308,4.4067
Rice,Kharif,Rajasthan,2013,2317575,6952654.24,1414.97,106.21,5.325,3.0
Maize,Kharif,Telangana,2016,729211,3928713.61,939.04,145.93,3.007,5.3876
Rice,Kharif,Telangana,2011,2156902,6548186.2,1476.91,136.25,5.3718,3.0359
Rice,Kharif,West Bengal,2003,114314,294692.96,969.45,102.8,6.0611,2.5779
Maize,Rabi,Madhya Pradesh,2006,313054,1106807.84,478.08,84.07,2.1071,3.5355
Wheat,Rabi,Uttar Pradesh,2009,758623,3833689.62,490.62,153.03,5.3976,5.0535
Maize,Kharif,Uttarakhand,2007,605495,1731833.91,840.13,78.02,5.0707,2.8602
Maize,Kharif,Rajasthan,2001,675030,2452218.93,424.23,167.79,4.0008,3.6328
Maize,Rabi,West Bengal,2004,59302,173303.31,717.07,103.61,5.0163,2.9224
Rice,Kharif,Karnataka,2003,1556843,3756721.27,1046.74,123.16,7.1211,2.413
Maize,Rabi,Chhattisgarh,2016,196059,655962.16,1074.33,74.98,3.1473,3.3457
Rice,Kharif,Odisha,1999,784803,1808656.65,1176.4,158.18,7.3705,2.3046
Rice,Kharif,Himachal Pradesh,2013,63872,185104.8,1107.54,162.71,6.3487,2.8981
Rice,Kharif,Uttar Pradesh,2008,1622688,5137764.12,1211.45,141.05,4.151,3.1662
Wheat,Rabi,Maharashtra,2014,691983,3070771.81,513.46,118.22,0.4421,4.4376
Rice,Kharif,Bihar,2002,685148,1676475.85,1130.37,104.47,4.2636,2.4469
Maize,Kharif,Jharkhand,2009,520827,1350492.51,1157.57,122.48,0.4603,2.593
Maize,Rabi,Odisha,2001,282511,817921.46,920.9,154.37,3.1495,2.8952
Maize,Kharif,Rajasthan,2005,646079,2718697.6,576.72,132.21,6.5821,4.208
Wheat,Rabi,Gujarat,2020,1978212,8627392.98,378.29,237.42,0.3238,4.3612
Rice,Kharif,Tamil Nadu,2002,2040575,8080903.53,1012.42,158.67,7.7904,3.9601
Maize,Rabi,Uttar Pradesh,2008,16106,59473.92,930.14,163.28,5.7232,3.6927
Maize,Rabi,Gujarat,2020,150608,573138.57,420.54,83.52,3.9022,3.8055
Maize,Kharif,Haryana,2014,231172,819876.47,982.28,118.86,6.9511,3.5466
Maize,Kharif,Assam,2010,80124,261068.47,613.01,117.31,4.9193,3.2583
Maize,Rabi,West Bengal,2013,688415,2469979.56,874.98,101.21,4.9771,3.5879
Maize,Rabi,Jammu and Kashmir,2003,583719,1632420.12,528.11,131.58,6.7259,2.7966
Maize,Kharif,Karnataka,2018,70896,453915.09,900.8,80.64,3.5678,6.4025
Rice,Kharif,Gujarat,2007,1190150,2995416.89,1468.57,162.79,4.0868,2.5168
Maize,Kharif,Gujarat,2020,351297,1214011.22,1045.02,70.34,6.1456,3.4558
Wheat,Rabi,Uttar Pradesh,2010,788187,3836784.86,653.17,192.96,2.3752,4.8679
Maize,Rabi,Madhya Pradesh,2012,744122,3068646.92,694.86,133.83,6.7475,4.1238
Rice,Kharif,Tamil Nadu,2014,2483197,11577243.13,1496.91,164.34,6.1488,4.6622
Rice,Kharif,Jharkhand,2016,1875188,4801644.71,1418.69,191.39,6.7044,2.5606
Wheat,Rabi,Madhya Pradesh,2006,1717796,7201460.63,596.38,213.92,5.243,4.1923
Rice,Kharif,Punjab,2002,2621394,13180417.31,1054.82,127.15,5.1238,5.028
Rice,Kharif,Karnataka,1999,1325450,3302059.42,1359.79,193.12,4.2535,2.4913
Rice,Kharif,Madhya Pradesh,2016,1096913,3519052.06,1213.09,196.36,6.7297,3.2081
Rice,Kharif,Tamil Nadu,2003,1398951,5753555.13,1420.41,125.68,4.5024,4.1128
Rice,Kharif,Uttarakhand,2000,2405464,7014064.01,1249.35,160.4,3.5811,2.9159
Wheat,Rabi,Maharashtra,1997,1261768,3970468.48,636.67,176.15,1.4338,3.1468
Maize,Kharif,Chhattisgarh,2009,98904,332911.33,753.49,110.24,2.1147,3.366
Maize,Rabi,West Bengal,2009,230933,764664.26,1051.05,122.42,4.5571,3.3112
Rice,Kharif,Punjab,1999,1271630,6126674.92,826.11,114.57,2.6204,4.818
Maize,Rabi,Uttarakhand,2002,293519,848642.44,448.77,174.34,6.2061,2.8913
Rice,Kharif,Jammu and Kashmir,2004,2791697,7982371.32,1401.08,115.73,7.9948,2.8593
Maize,Rabi,Punjab,2007,756606,2508050.55,670.35,153.29,0.7069,3.3149
Maize,Kharif,Himachal Pradesh,2009,648003,2945546.87,1046.06,145.31,2.2789,4.5456
Maize,Rabi,Odisha,2004,523927,1507162.2,708.71,96.52,4.6113,2.8767
Maize,Rabi,Punjab,2017,324105,1120873.32,977.24,104.51,2.6714,3.4584
Maize,Rabi,Karnataka,1997,515311,2282905.77,523.84,102.64,6.7935,4.4302
Maize,Kharif,Himachal Pradesh,2020,710756,3825908.28,1197.04,178.59,3.4809,5.3829
Wheat,Rabi,Uttarakhand,2020,1575083,12699095.69,453.61,146.17,5.9289,8.0625
Wheat,Rabi,Maharashtra,2020,2031657,8698301.98,307.92,157.21,5.168,4.2814
Maize,Rabi,Uttarakhand,2007,550895,1683064.83,454.54,125.57,3.1451,3.0551
Rice,Kharif,Tamil Nadu,2013,824975,3550697.87,1516.8,163.48,2.4,4.304
Maize,Kharif,Chhattisgarh,2006,342864,1174270.29,1005.48,128.41,0.5182,3.4249
Maize,Kharif,Odisha,2004,202810,690946.56,998.27,102.51,0.7602,3.4069
Maize,Rabi,Gujarat,1997,145814,401595.72,611.57,167.87,5.3,2.7542
Maize,Rabi,Jammu and Kashmir,2017,131126,487108.78,926.6,128.5,6.7517,3.7148
Rice,Kharif,Jharkhand,2020,2839237,7088784.36,1590.7,176.17,5.7221,2.4967
Maize,Kharif,Madhya Pradesh,2008,351265,1379791.51,976.2,122.97,3.5602,3.9281
Maize,Rabi,Bihar,2001,184516,473191.44,926.99,149.27,4.3939,2.5645
Rice,Kharif,West Bengal,2019,768735,2577394.89,1552.93,197.25,7.9827,3.3528
Wheat,Rabi,Madhya Pradesh,1999,2141716,7772519.68,598.52,120.48,0.6979,3.6291
Rice,Kharif,Haryana,2012,462096,2450068.55,1457.71,192.56,5.5754,5.3021
Rice,Kharif,Uttar Pradesh,2005,1075723,3416089.66,836.79,123.68,7.4017,3.1756
Maize,Rabi,Bihar,2014,290915,949716.75,688.93,139.99,6.704,3.2646
Maize,Kharif,Jammu and Kashmir,1998,622113,1572061.79,1192.03,103.59,4.4988,2.527
Maize,Rabi,Tamil Nadu,2013,589801,2127222.84,588.51,82.93,3.8993,3.6067
Rice,Kharif,Jharkhand,1998,885211,1559197.93,917.88,85.55,7.8795,1.7614
Maize,Kharif,Jammu and Kashmir,2014,295849,927382.2,1159.03,108.26,1.4597,3.1346
Maize,Kharif,Assam,2001,367147,1001277.76,1180.3,84.38,2.8456,2.7272
Maize,Rabi,Haryana,2020,101789,383913.95,915.52,170.86,3.0246,3.7717
Wheat,Rabi,Jharkhand,2015,1594598,6643603.97,546.78,152.91,5.8734,4.1663
Rice,Kharif,Tamil Nadu,2009,2805172,12208274.23,1544.61,142.18,1.9606,4.3521
Rice,Kharif,Madhya Pradesh,2020,2503822,8988973.14,1159.13,141.32,6.0636,3.5901
Rice,Kharif,West Bengal,2008,2924797,8311607.01,1139.37,92.47,4.5332,2.8418
Maize,Kharif,West Bengal,2005,172378,551562.09,480.11,142.26,2.1591,3.1997
Maize,Kharif,Himachal Pradesh,2005,220535,972361.7,1179.52,115.02,4.0571,4.4091
Wheat,Rabi,Madhya Pradesh,2008,2387591,9840898.32,445.8,147.45,2.7414,4.1217
Maize,Kharif,Gujarat,2016,495963,1843696.56,749.88,169.79,3.5522,3.7174
Maize,Kharif,Uttar Pradesh,2009,647865,2208456.1,674.48,90.23,3.198,3.4088
Maize,Kharif,Telangana,2007,593602,2767658.43,1058.95,177.92,0.4581,4.6625
Maize,Kharif,Karnataka,2009,473640,2563419.8,1111.71,111.92,2.2911,5.4122
Maize,Kharif,Gujarat,2015,93006,363386.49,651.12,102.78,0.8196,3.9071
Rice,Kharif,Maharashtra,2011,2452910,7037240.69,922.2,196.46,7.323,2.8689
Rice,Kharif,Rajasthan,2006,415019,1052818.15,1110.48,127.68,2.946,2.5368
Maize,Kharif,Madhya Pradesh,2018,501580,2123391.02,590.69,107.49,0.7593,4.2334
Rice,Kharif,Assam,1997,2921480,5334825.07,1059.43,172.2,0.9195,1.8261
Maize,Kharif,Andhra Pradesh,1998,124946,579878.09,851.18,93.98,5.0165,4.641
Rice,Kharif,Uttarakhand,2015,1219752,3651581.12,917.9,134.56,1.4164,2.9937
Wheat,Rabi,Haryana,2010,2208107,17184261.93,573.29,214.86,1.1785,7.7824
Maize,Kharif,Bihar,2016,458360,1419603.43,988.71,171.39,6.3646,3.0971
Rice,Kharif,Andhra Pradesh,2013,553220,2688583.29,869.11,152.56,3.3197,4.8599
Maize,Rabi,Bihar,2012,612784,1963688.24,650.0,75.81,2.6674,3.2045
Maize,Rabi,Rajasthan,2013,208586,977970.97,905.62,177.31,1.7346,4.6886
Wheat,Rabi,Maharashtra,2010,554312,2143463.23,371.46,104.69,0.9102,3.8669
Maize,Kharif,Tamil Nadu,2011,635421,2080763.47,880.08,96.92,4.0125,3.2746
Maize,Kharif,Telangana,1998,265247,1111127.97,494.76,154.09,4.4017,4.189
Wheat,Rabi,Himachal Pradesh,2012,592659,3308014.01,654.9,235.49,3.926,5.5816
Maize,Kharif,Rajasthan,2018,361113,1659038.62,920.74,144.34,0.5714,4.5942
Wheat,Rabi,Himachal Pradesh,1998,1767502,8624349.72,515.29,210.2,4.8592,4.8794
Maize,Kharif,Odisha,2002,193724,557230.42,1015.18,154.24,6.857,2.8764
Rice,Kharif,Gujarat,2006,1208470,3379333.54,1215.75,190.06,0.5927,2.7964
Maize,Rabi,Uttar Pradesh,2003,764340,2776665.58,462.74,152.0,2.6827,3.6328
Rice,Kharif,Jharkhand,2017,2120833,5173589.08,1042.92,105.13,0.8529,2.4394
Maize,Rabi,Himachal Pradesh,2013,100136,490636.2,412.74,143.59,1.4679,4.8997
Rice,Kharif,Punjab,1998,1522813,7527414.13,1313.19,127.96,7.8586,4.9431
Rice,Kharif,Haryana,1999,1954345,8446005.63,856.94,108.01,2.4842,4.3217
Rice,Kharif,Tamil Nadu,2017,2088855,10695957.47,1210.68,166.95,7.5146,5.1205
Maize,Kharif,Maharashtra,1999,640863,1849530.07,996.14,161.61,6.3594,2.886
Rice,Kharif,Uttar Pradesh,2019,781002,3103787.63,1071.85,146.54,1.8391,3.9741
Maize,Rabi,Rajasthan,2006,89736,372633.22,790.06,139.41,1.567,4.1525
Maize,Rabi,Tamil Nadu,2002,234021,685116.54,1009.49,144.84,4.3324,2.9276
Maize,Rabi,Haryana,1999,669532,2097319.52,963.11,81.06,1.498,3.1325
Wheat,Rabi,Haryana,1999,1752692,11348335.95,633.89,247.04,1.6893,6.4748
Wheat,Rabi,Uttarakhand,2001,140613,827970.77,357.11,191.14,4.7535,5.8883
Maize,Kharif,Tamil Nadu,2014,200041,702852.65,1065.83,101.84,3.6379,3.5135
Rice,Kharif,Uttar Pradesh,2001,572936,1703910.96,1028.05,171.57,2.5459,2.974
Rice,Kharif,Jharkhand,2006,1249960,2569010.31,1493.98,185.62,7.0842,2.0553
Maize,Kharif,Rajasthan,2014,343277,1504914.31,1097.95,160.95,4.9208,4.384
Wheat,Rabi,Maharashtra,2013,2496993,9738184.81,395.39,158.32,4.8186,3.9
Maize,Kharif,Jammu and Kashmir,2003,684445,2027530.52,487.49,158.01,6.5375,2.9623
Rice,Kharif,Madhya Pradesh,2013,2953387,8915219.64,1522.71,172.39,2.9255,3.0186
Maize,Kharif,Assam,2017,604538,2164216.36,631.67,127.51,1.1771,3.58
Maize,Kharif,Rajasthan,2019,391643,1807150.85,461.23,81.57,5.4592,4.6143
Maize,Rabi,Karnataka,1999,511680,2748216.68,485.32,111.95,2.7691,5.371
Maize,Kharif,West Bengal,2003,263421,787614.8,970.49,79.02,1.4179,2.9899
Maize,Rabi,Andhra Pradesh,1999,616484,2733509.39,514.49,120.73,2.0763,4.434
Maize,Rabi,Haryana,2012,251668,812452.8,745.37,134.92,4.5264,3.2283
Wheat,Rabi,Madhya Pradesh,1998,1897729,7422656.75,403.68,137.09,3.9347,3.9113
Maize,Kharif,Assam,2003,507514,1634924.48,865.8,128.78,6.4951,3.2214
Maize,Rabi,Odisha,2009,653127,2114842.25,524.22,142.03,6.2441,3.238
Rice,Kharif,Uttar Pradesh,2011,467768,1563975.4,1523.1,138.16,4.9783,3.3435
Rice,Kharif,Gujarat,2003,2741461,7250358.46,1391.68,135.3,5.9958,2.6447
Wheat,Rabi,Bihar,2017,525830,2099228.81,639.44,165.87,2.6698,3.9922
Wheat,Rabi,Punjab,2020,2427688,22526228.95,479.31,195.34,1.8496,9.2789
Maize,Rabi,West Bengal,2020,452607,1661790.24,602.3,103.24,6.7867,3.6716
Wheat,Rabi,Maharashtra,2003,142894,500460.43,337.4,156.89,3.4504,3.5023
Rice,Kharif,Jharkhand,1999,2208373,4123990.09,1459.94,80.14,7.0203,1.8674
Maize,Kharif,Andhra Pradesh,2013,504135,2716977.87,953.89,92.68,4.6228,5.3894
Maize,Kharif,Bihar,2007,157386,457242.38,442.45,76.23,2.1621,2.9052
Wheat,Rabi,Uttarakhand,2018,1189163,9249919.03,572.22,206.38,1.3916,7.7785
Maize,Rabi,Chhattisgarh,2010,468690,1704016.61,898.55,118.45,6.4998,3.6357
Maize,Kharif,Maharashtra,2020,662286,2463152.33,1130.38,82.01,4.6005,3.7192
Maize,Rabi,Bihar,2018,59738,199853.92,635.93,111.96,1.0325,3.3455
Maize,Rabi,Assam,2000,779661,2017753.71,1197.73,170.37,1.0168,2.588
Wheat,Rabi,Madhya Pradesh,2009,457487,1871901.92,347.95,111.77,5.7479,4.0917
Maize,Rabi,Himachal Pradesh,2009,437961,1863741.44,550.4,77.53,1.3017,4.2555
Wheat,Rabi,Uttar Pradesh,2003,1815954,8449094.26,622.47,236.47,0.91,4.6527
Maize,Kharif,Karnataka,2008,246162,1339006.69,461.67,140.78,1.796,5.4395
Rice,Kharif,Jharkhand,2010,615107,1273804.77,1000.56,84.74,5.7997,2.0709
Maize,Rabi,Jharkhand,2014,129357,415807.88,577.89,164.25,1.3396,3.2144
Maize,Kharif,Tamil Nadu,2005,739591,2561169.14,681.35,132.44,1.3379,3.463
Rice,Kharif,Punjab,2006,1154343,6422460.53,1151.79,111.61,6.7781,5.5637
Maize,Rabi,Punjab,2020,681681,2359636.51,518.31,136.6,6.6322,3.4615
Wheat,Rabi,Himachal Pradesh,2016,1522433,8405470.91,670.49,142.44,5.2985,5.5211
Wheat,Rabi,Punjab,2006,1270306,9572196.5,689.69,166.47,5.0072,7.5353
Wheat,Rabi,Jammu and Kashmir,2002,572875,2284283.86,640.42,170.2,1.399,3.9874
Maize,Kharif,Odisha,2012,16307,56900.67,775.1,126.39,3.4969,3.4893
Maize,Rabi,Tamil Nadu,2007,789782,2717036.54,809.84,162.74,4.0155,3.4402
Wheat,Rabi,Jharkhand,2009,2278145,8594858.0,313.03,152.09,5.2043,3.7727
Rice,Kharif,West Bengal,2015,500151,1677662.27,944.68,122.58,3.3471,3.3543
Wheat,Rabi,Punjab,2005,179155,1407631.93,386.01,228.49,1.1454,7.8571
Rice,Kharif,Madhya Pradesh,2008,1134848,3472469.77,1126.11,134.14,3.5334,3.0599
Maize,Rabi,Assam,2012,392728,1232425.84,1046.27,98.74,5.0251,3.1381
Wheat,Rabi,Bihar,2006,2209015,7219145.72,651.73,104.34,1.3988,3.268
Maize,Kharif,Madhya Pradesh,2004,13886,53077.27,888.26,88.05,2.7178,3.8224
Maize,Rabi,Karnataka,2012,611012,3789380.57,798.53,150.4,5.1001,6.2018
Maize,Kharif,Madhya Pradesh,2000,63900,236007.22,681.55,78.16,3.4475,3.6934
Maize,Kharif,Haryana,1999,666820,2189135.18,947.52,101.61,1.9014,3.2829
Rice,Kharif,Jharkhand,2013,2460215,4701498.35,802.96,164.91,6.2824,1.911
Wheat,Rabi,Jharkhand,2007,1287576,4549939.27,656.04,184.35,4.0312,3.5337
Maize,Rabi,Gujarat,2012,269294,938905.7,506.03,100.91,6.0619,3.4865
Rice,Kharif,Andhra Pradesh,2002,1797096,7736178.41,1266.96,175.61,5.9399,4.3048
Maize,Rabi,Tamil Nadu,2009,377358,1349507.36,660.07,126.15,5.5133,3.5762
Maize,Kharif,Uttarakhand,2017,150251,511885.77,803.81,120.7,3.3695,3.4069
Maize,Rabi,Tamil Nadu,2008,638561,2010884.09,405.28,167.02,3.3033,3.1491
Maize,Rabi,Rajasthan,2014,726783,3525590.25,690.02,128.79,2.7208,4.851
Maize,Kharif,Assam,1997,167998,480115.92,617.88,136.53,5.1362,2.8579
Maize,Rabi,Uttar Pradesh,2009,387812,1432209.5,1083.46,100.76,1.5873,3.6931
Maize,Rabi,Odisha,2020,514530,1966256.5,778.59,107.07,3.2344,3.8215
Maize,Kharif,Bihar,2005,187664,506798.08,965.75,131.82,6.2714,2.7006
Maize,Kharif,Assam,2002,367974,1087618.04,524.1,90.73,6.1764,2.9557
Maize,Kharif,Bihar,2009,768124,2263951.79,587.7,97.68,5.3096,2.9474
Rice,Kharif,Jammu and Kashmir,2007,2859530,7764604.3,1498.51,142.29,5.6618,2.7153
Maize,Rabi,Jharkhand,2017,503312,1444311.94,1067.57,161.71,1.2765,2.8696
Maize,Kharif,Assam,2004,305404,947553.01,902.86,125.12,3.1419,3.1026
Rice,Kharif,Haryana,2007,1153076,5442541.94,1465.2,196.77,3.1844,4.72
Rice,Kharif,Assam,1998,761737,1686179.14,1327.08,114.05,5.4789,2.2136
Maize,Kharif,Karnataka,2001,82333,389770.19,500.26,104.87,0.8895,4.7341
Rice,Kharif,Himachal Pradesh,2002,2887959,8075315.21,1234.55,187.49,3.459,2.7962
Wheat,Rabi,Haryana,2018,893420,7724282.8,483.92,189.93,0.3905,8.6457
Maize,Rabi,Telangana,2015,565894,2870202.87,1093.56,164.34,2.9639,5.072
Maize,Kharif,Himachal Pradesh,2012,280382,1363647.16,516.12,165.73,0.4783,4.8635
Rice,Kharif,Uttarakhand,2006,1157869,3445380.11,1106.43,138.27,5.0672,2.9756
Maize,Kharif,Uttar Pradesh,2017,177306,738012.39,747.26,113.26,0.6448,4.1624
Maize,Kharif,Madhya Pradesh,1998,563623,1853553.96,742.7,110.76,3.7393,3.2886
Rice,Kharif,Andhra Pradesh,2015,948730,4799395.9,1211.4,128.91,6.2106,5.0588
Rice,Kharif,Karnataka,2018,295374,995688.34,1038.42,91.85,1.5685,3.3709
Maize,Rabi,Bihar,2008,476023,1448535.83,885.22,121.86,3.579,3.043
Maize,Rabi,Tamil Nadu,2019,749144,2932318.76,931.83,87.47,4.1956,3.9142
Rice,Kharif,Bihar,2006,1825763,4398423.52,862.69,161.98,2.0144,2.4091
Maize,Kharif,Odisha,1997,319569,989881.86,765.78,172.19,6.5758,3.0976
Rice,Kharif,Tamil Nadu,2010,1682099,7339301.74,1345.15,117.45,2.923,4.3632
Maize,Kharif,Rajasthan,2020,393796,1936731.47,945.49,107.74,2.4805,4.9181
Maize,Kharif,Chhattisgarh,2000,708024,2141538.33,738.73,109.8,2.7931,3.0247
Maize,Kharif,Uttarakhand,1998,794359,2170508.95,792.7,166.0,4.1888,2.7324
Maize,Kharif,Telangana,2000,208440,895235.34,694.27,174.18,6.8973,4.2949
Maize,Kharif,Himachal Pradesh,2018,49241,257164.39,796.74,171.19,4.6159,5.2226
Rice,Kharif,Madhya Pradesh,1999,217188,547382.61,1511.54,168.14,5.0279,2.5203
Wheat,Rabi,Madhya Pradesh,2020,2129350,10727268.65,543.76,165.01,1.1885,5.0378
Wheat,Rabi,Himachal Pradesh,2018,1281622,7672938.51,623.37,133.17,5.8867,5.9869
Maize,Kharif,Telangana,2019,717989,4093672.63,935.16,94.26,6.2231,5.7016
Maize,Kharif,Telangana,2012,107093,499392.06,1134.17,140.12,6.7108,4.6632
Maize,Rabi,Haryana,2014,768364,2505374.16,1176.29,116.62,6.3164,3.2607
Maize,Rabi,Andhra Pradesh,2010,335201,1764144.78,417.36,160.41,4.9521,5.2629
Rice,Kharif,Assam,2000,448818,865903.61,1050.04,117.5,2.4117,1.9293
Wheat,Rabi,Jammu and Kashmir,1999,1856778,7001455.66,339.88,236.57,0.3875,3.7708
Maize,Rabi,Maharashtra,1998,569315,1585646.71,1019.71,121.14,5.8498,2.7852
Wheat,Rabi,Himachal Pradesh,2011,2109910,11376217.97,345.27,216.81,5.6457,5.3918
Maize,Rabi,Haryana,2016,218630,795613.35,1094.54,89.87,1.5107,3.6391
Rice,Kharif,Tamil Nadu,2007,2122422,9276780.74,919.32,90.81,4.3378,4.3708
Rice,Kharif,Jharkhand,2001,2490679,4742877.67,1388.15,119.9,0.8325,1.9043
Maize,Rabi,Uttarakhand,2011,24627,77730.06,566.61,145.4,5.6769,3.1563
Rice,Kharif,Uttar Pradesh,2012,154584,497285.66,1439.22,188.59,1.6556,3.2169
Wheat,Rabi,Haryana,2001,1687812,11957952.12,597.32,234.2,2.5039,7.0849
Maize,Rabi,Maharashtra,2000,48015,139484.58,759.79,159.08,4.7021,2.905
Maize,Rabi,Uttar Pradesh,2004,523746,1742473.08,614.83,161.12,2.6292,3.3269
Rice,Kharif,Himachal Pradesh,2007,1775051,5175283.04,1152.55,87.6,5.4123,2.9156
Rice,Kharif,Chhattisgarh,2013,53639,155983.03,1546.31,159.75,2.4983,2.908
Maize,Kharif,Bihar,2010,636559,1977376.12,1142.92,139.73,4.5725,3.1064
Maize,Kharif,Punjab,2003,107430,339346.46,749.67,162.25,2.6479,3.1588
Wheat,Rabi,Jharkhand,2010,264595,1074169.39,444.37,211.52,5.3755,4.0597
Maize,Rabi,Maharashtra,2010,131395,413865.5,1095.83,94.94,4.7083,3.1498
Maize,Kharif,Haryana,2009,779417,2100974.13,519.64,158.62,1.5656,2.6956
Rice,Kharif,Bihar,1997,384671,901475.99,1484.25,183.98,3.3509,2.3435
Maize,Kharif,Karnataka,2010,615434,3356803.89,599.89,98.19,2.382,5.4544
Wheat,Rabi,Himachal Pradesh,2005,1494545,7632130.93,385.89,128.07,1.8952,5.1067
Rice,Kharif,Madhya Pradesh,2000,1837921,4775184.69,1348.88,138.83,7.3228,2.5981
Maize,Rabi,Karnataka,2014,135208,787574.0,923.05,168.2,3.1532,5.8249
Rice,Kharif,Jammu and Kashmir,1999,714286,1672379.31,1048.6,81.64,3.5599,2.3413
Wheat,Rabi,Jammu and Kashmir,2020,824652,4435347.33,605.18,243.56,4.6962,5.3784
Maize,Kharif,Karnataka,1999,674975,3057958.79,1169.62,145.93,3.4151,4.5305
Wheat,Rabi,Bihar,2012,2389056,8990205.58,614.93,181.68,1.6461,3.7631
Maize,Kharif,Jharkhand,2000,315160,823568.76,1075.54,81.13,5.4878,2.6132
Maize,Rabi,Karnataka,2005,216250,1136780.44,1045.16,107.48,1.5712,5.2568
Maize,Kharif,Bihar,2002,233486,760481.95,862.65,74.98,2.6739,3.2571
Rice,Kharif,Rajasthan,2019,2141228,6845449.3,1215.11,101.48,5.8437,3.197
Rice,Kharif,Karnataka,2008,417089,1299968.74,858.6,101.36,2.3893,3.1168
Maize,Kharif,Uttar Pradesh,2012,473881,1606056.05,556.53,144.97,2.4895,3.3892
Wheat,Rabi,Jharkhand,2014,1864325,8132635.95,435.47,116.85,3.0302,4.3622
Rice,Kharif,Himachal Pradesh,2004,2327952,6450666.69,1458.63,124.02,6.6696,2.771
Rice,Kharif,Uttarakhand,2018,2072435,7432687.03,1018.64,110.11,5.6,3.5865
Rice,Kharif,West Bengal,2020,2298908,7627851.82,1433.01,190.67,4.769,3.318
Maize,Rabi,West Bengal,2012,202370,674032.58,844.34,162.77,2.7779,3.3307
Rice,Kharif,Andhra Pradesh,1998,1365658,5702861.78,1149.12,198.11,1.3673,4.1759
Maize,Rabi,Rajasthan,2019,270045,1334695.78,565.9,74.91,0.5763,4.9425
Wheat,Rabi,Gujarat,2009,2428709,9467198.85,351.3,178.86,2.7121,3.898
Maize,Rabi,Andhra Pradesh,2004,627518,3116701.24,580.95,144.8,0.4613,4.9667
Maize,Rabi,Odisha,2006,163102,515575.28,509.89,92.03,3.1007,3.1611
Wheat,Rabi,Uttarakhand,2012,2083224,14745259.88,558.0,109.22,1.5404,7.0781
Rice,Kharif,Madhya Pradesh,2017,1173439,3612971.32,1514.3,130.06,4.05,3.079
Rice,Kharif,Karnataka,2012,144289,437206.63,1262.05,117.46,7.191,3.0301
Rice,Kharif,Haryana,2015,2164748,11677958.94,1481.04,136.97,5.736,5.3946
Maize,Kharif,Bihar,1999,797280,1863631.63,976.74,142.51,5.933,2.3375
Maize,Kharif,Jharkhand,2006,407181,1292863.98,802.67,103.67,0.8309,3.1752
Wheat,Rabi,Punjab,2008,993702,7723029.92,340.02,192.93,5.4307,7.772
Maize,Kharif,Jharkhand,1997,744945,2007783.45,742.15,71.06,0.8966,2.6952
Rice,Kharif,Chhattisgarh,2019,1946161,6665702.67,1490.53,127.51,2.795,3.4251
Maize,Kharif,Madhya Pradesh,1997,612314,2158319.11,988.59,76.71,2.4698,3.5249
Maize,Kharif,Jharkhand,2018,62259,213686.18,737.65,91.49,1.7225,3.4322
Maize,Rabi,Himachal Pradesh,2020,510590,2575398.45,930.11,96.5,1.7968,5.044
Wheat,Rabi,Punjab,2019,170563,1587635.93,518.41,150.06,4.1481,9.3082
Maize,Kharif,Uttarakhand,2000,631258,1891809.02,701.38,87.85,5.8869,2.9969
Maize,Rabi,West Bengal,2016,9326,39833.16,820.81,132.79,3.1484,4.2712
Rice,Kharif,Telangana,2016,916568,2881808.6,1280.07,199.42,2.6223,3.1441
Wheat,Rabi,Haryana,1997,1241028,8339495.27,473.91,168.06,5.7368,6.7198
Maize,Kharif,Jammu and Kashmir,2020,275143,987696.56,932.75,174.67,4.826,3.5898
Rice,Kharif,Rajasthan,2004,638446,1694279.11,949.68,181.04,5.1456,2.6538
Maize,Rabi,West Bengal,2010,421379,1335659.45,400.16,73.81,2.2776,3.1697
Rice,Kharif,Himachal Pradesh,2010,2014589,6262117.69,1020.26,179.76,7.3586,3.1084
Maize,Kharif,Uttar Pradesh,2004,380623,1383992.28,1080.08,157.52,3.0249,3.6361
Rice,Kharif,Jharkhand,2018,2653529,5442236.65,1031.4,196.65,0.5041,2.0509
Maize,Kharif,Jharkhand,2003,715380,1885482.37,917.39,176.35,2.5885,2.6356
Wheat,Rabi,Gujarat,2018,753174,3081892.53,635.66,221.78,5.9076,4.0919
Maize,Kharif,Chhattisgarh,2018,328668,1144431.63,882.66,102.02,6.8038,3.482
Maize,Kharif,Telangana,2009,120717,593871.89,909.51,137.95,2.1961,4.9195
Maize,Kharif,Madhya Pradesh,2019,263830,1148921.46,820.69,170.13,6.203,4.3548
Rice,Kharif,Chhattisgarh,2007,718552,1901941.46,882.97,189.35,4.1201,2.6469
Maize,Kharif,Telangana,2005,604544,2945392.52,839.73,124.0,0.7597,4.8721
Wheat,Rabi,Gujarat,2003,896747,3115622.29,660.51,203.84,3.5307,3.4744
Maize,Rabi,Telangana,2014,373609,1875390.51,423.41,86.01,5.3249,5.0197
Maize,Kharif,Odisha,2009,580074,1897510.82,443.06,154.8,3.8583,3.2712
Maize,Rabi,Himachal Pradesh,2001,425040,1641624.48,440.93,131.8,2.7927,3.8623
Maize,Rabi,Uttar Pradesh,2013,716351,2452558.16,721.61,83.29,4.915,3.4237
Maize,Kharif,Maharashtra,2011,318833,1088992.24,658.26,168.73,5.8137,3.4156
Maize,Kharif,Uttarakhand,2009,592783,1878746.85,749.69,97.49,5.1186,3.1694
Maize,Rabi,Telangana,2016,19549,105545.27,552.64,159.76,4.9938,5.399
Rice,Kharif,Gujarat,2012,494289,1466468.08,1106.88,90.33,3.4394,2.9668
Maize,Rabi,Gujarat,2007,469586,1593656.93,1063.99,170.26,5.0506,3.3937
Maize,Rabi,Uttar Pradesh,2019,38773,149852.24,1137.72,86.91,6.6874,3.8649
Wheat,Rabi,Haryana,2017,437265,3562497.53,629.44,106.3,0.9008,8.1472
Maize,Kharif,Karnataka,2014,33143,190603.89,1032.98,86.94,2.3811,5.751
Wheat,Rabi,Jharkhand,2020,2110087,8930135.64,592.15,156.14,2.606,4.2321
Rice,Kharif,Maharashtra,2018,1041915,3511915.87,1194.38,170.29,3.3879,3.3706
Maize,Kharif,Telangana,2002,433090,1779125.85,519.37,111.41,5.3791,4.108
Maize,Rabi,Tamil Nadu,2018,83056,317404.13,1133.6,91.66,2.5729,3.8216
Maize,Rabi,Uttar Pradesh,2017,607466,2326972.18,446.25,139.48,5.1082,3.8306
Wheat,Rabi,Jharkhand,2019,1976031,8478370.13,589.0,169.21,4.8139,4.2906
Maize,Kharif,Odisha,2014,56081,180815.26,631.88,128.26,6.5797,3.2242
Maize,Kharif,Punjab,2011,124710,413220.49,964.98,139.75,0.963,3.3135
Maize,Kharif,Tamil Nadu,2004,734386,2236730.22,674.86,83.27,6.0782,3.0457
Rice,Kharif,Chhattisgarh,2015,2490743,8312523.05,1274.92,170.76,6.5074,3.3374
Maize,Rabi,Assam,2007,207897,721835.97,635.34,89.52,4.9055,3.4721
Maize,Kharif,Bihar,2019,458065,1496301.53,766.26,170.19,1.6107,3.2666
Maize,Rabi,Punjab,2010,170860,599855.28,827.12,135.99,6.5612,3.5108
Maize,Rabi,Andhra Pradesh,2005,778959,4066586.53,958.1,170.54,0.5862,5.2205
Maize,Rabi,Uttarakhand,2020,38287,131123.25,502.29,157.65,2.3889,3.4247
Rice,Kharif,Uttarakhand,2014,2759735,7969155.56,1429.46,138.34,5.4939,2.8877
Rice,Kharif,Maharashtra,2016,595649,1830043.28,1477.57,162.29,6.4448,3.0724
Maize,Kharif,Maharashtra,2009,419664,1320281.95,617.0,118.94,6.0945,3.146
Maize,Rabi,Punjab,2002,425304,1313501.74,935.4,90.33,1.328,3.0884
Wheat,Rabi,Himachal Pradesh,2002,460051,2147523.16,671.38,150.26,2.8898,4.668
Rice,Kharif,Gujarat,1998,2594523,6686000.82,1323.76,135.8,3.8162,2.577
Rice,Kharif,Jammu and Kashmir,2012,1412146,3990325.67,1162.63,83.63,4.065,2.8257
Maize,Rabi,Bihar,2000,365120,958096.42,1185.91,79.28,4.6644,2.6241
Rice,Kharif,Punjab,2000,595226,3269549.45,1232.17,175.82,1.3244,5.493
Maize,Kharif,Assam,2014,202569,764884.11,1036.09,131.45,4.9517,3.7759
Maize,Rabi,Rajasthan,2017,484946,2238996.44,503.51,147.5,6.0976,4.617
Maize,Kharif,Jammu and Kashmir,2002,65423,206109.96,849.91,176.46,4.0781,3.1504
Maize,Rabi,Chhattisgarh,2004,670105,2030562.64,1010.58,141.48,4.6448,3.0302
Maize,Rabi,Rajasthan,2003,224832,817446.17,750.76,102.05,4.9727,3.6358
Maize,Rabi,Andhra Pradesh,2007,643576,3217153.07,1132.73,153.86,2.2057,4.9989
Wheat,Rabi,Uttar Pradesh,2007,409474,1975427.27,473.14,209.0,3.047,4.8243
Rice,Kharif,Telangana,2007,101842,271306.42,1363.65,161.35,6.2565,2.664
Maize,Rabi,Himachal Pradesh,2019,447166,2278008.6,422.36,71.6,5.8155,5.0943
Maize,Kharif,Bihar,2000,342145,811307.77,884.0,125.15,6.721,2.3712
Maize,Rabi,Punjab,2016,523951,1939941.97,432.63,109.22,5.0796,3.7025
Maize,Kharif,Rajasthan,1999,531169,1979474.59,1130.79,161.35,2.096,3.7266
Maize,Kharif,Madhya Pradesh,2020,120593,568219.14,760.53,159.58,1.6252,4.7119
Maize,Kharif,Himachal Pradesh,2011,375771,1695034.95,452.97,86.42,5.9489,4.5108
Maize,Kharif,Haryana,2006,370648,1114846.97,767.2,94.0,2.3942,3.0078
Maize,Rabi,Jharkhand,2011,568051,1452391.28,1116.74,120.87,5.7735,2.5568
Maize,Kharif,Jammu and Kashmir,2010,700186,2525089.41,1081.67,142.61,6.1043,3.6063
Rice,Kharif,Gujarat,2004,1555919,3931971.4,1561.47,138.15,1.9635,2.5271
Maize,Kharif,Tamil Nadu,2017,571160,2066784.1,874.0,96.55,5.5094,3.6186
Maize,Kharif,Tamil Nadu,2013,529170,1829292.42,889.64,79.68,5.8548,3.4569
Maize,Kharif,Jharkhand,1999,433129,1070958.52,493.34,74.99,0.6456,2.4726
Maize,Rabi,Telangana,2004,540593,2452099.89,688.1,124.96,4.1414,4.5359
Wheat,Rabi,Himachal Pradesh,2010,305229,1620276.06,633.78,111.69,1.5306,5.3084
Rice,Kharif,Maharashtra,2005,869661,2614019.49,1385.97,145.59,6.4698,3.0058
Rice,Kharif,Haryana,2003,2514504,11819360.8,1379.44,147.06,4.0955,4.7005
Rice,Kharif,Odisha,2006,2680777,6226297.34,918.3,151.41,2.8981,2.3226
Maize,Kharif,Maharashtra,2012,88952,323931.18,513.67,150.44,6.8916,3.6416
Rice,Kharif,Punjab,1997,2337433,10971416.4,869.55,130.63,0.7235,4.6938
Rice,Kharif,Rajasthan,1998,51702,140989.37,1043.1,105.22,6.3932,2.727
Rice,Kharif,Gujarat,2002,1630517,4220922.08,1051.0,100.78,7.3409,2.5887
Wheat,Rabi,Bihar,1998,1418646,4069678.89,427.88,181.02,1.0887,2.8687
Maize,Rabi,Chhattisgarh,2019,565625,2141263.16,993.16,88.53,4.8312,3.7857
Rice,Kharif,Punjab,2004,2625751,13115725.36,1506.48,133.95,3.7216,4.995
Rice,Kharif,Madhya Pradesh,2018,557369,1737635.15,841.5,108.75,4.9775,3.1176
Maize,Kharif,Jammu and Kashmir,2006,270015,851306.52,779.52,86.84,4.9883,3.1528
Maize,Kharif,Jammu and Kashmir,2004,390548,1170642.03,525.85,155.07,6.3022,2.9974
Rice,Kharif,Uttar Pradesh,2017,1993747,7439271.91,918.53,130.63,1.3734,3.7313
Maize,Kharif,Jharkhand,2017,51852,175454.98,734.06,133.04,4.134,3.3838
Maize,Rabi,Assam,2015,701482,2451288.02,1063.19,174.46,6.5483,3.4944
Maize,Rabi,Madhya Pradesh,2005,556860,2084976.24,1088.54,175.66,2.8657,3.7442
Maize,Rabi,Uttar Pradesh,1998,565069,1577450.4,421.57,113.34,4.125,2.7916
Maize,Rabi,Madhya Pradesh,2018,81452,377072.32,1020.6,138.15,5.4431,4.6294
Maize,Kharif,Haryana,2011,51038,168727.63,1014.61,170.35,4.1322,3.3059
Maize,Rabi,Odisha,1998,361871,1130989.89,623.73,135.58,6.2087,3.1254
Maize,Rabi,Rajasthan,2020,422827,2159636.76,702.75,76.3,2.7498,5.1076
Rice,Kharif,Maharashtra,2009,1725346,4607879.65,1082.5,127.42,4.8956,2.6707
Maize,Kharif,Andhra Pradesh,2006,278832,1447616.0,924.9,174.74,4.6997,5.1917
Rice,Kharif,Gujarat,2020,1911122,6029684.95,1391.4,119.44,2.5859,3.155
Maize,Rabi,Andhra Pradesh,2003,589041,2988223.3,843.79,114.88,0.5733,5.073
Maize,Kharif,Gujarat,2018,208019,721012.16,1123.5,83.86,3.7587,3.4661
Maize,Rabi,Himachal Pradesh,2011,565226,2706386.69,1073.92,132.81,2.9711,4.7881
Maize,Kharif,Tamil Nadu,2008,238726,750896.35,813.1,108.82,6.1269,3.1454
Maize,Kharif,Punjab,2020,505931,1781054.31,427.61,159.44,4.5643,3.5204
Rice,Kharif,Rajasthan,2014,372740,1168027.01,887.49,113.11,5.7281,3.1336
Maize,Kharif,Tamil Nadu,1999,272729,776484.08,933.47,168.88,3.4707,2.8471
Maize,Kharif,Maharashtra,2002,143353,398759.15,810.6,120.25,0.7811,2.7817
Maize,Kharif,Haryana,1997,431833,1120260.49,552.33,80.66,3.2449,2.5942
Rice,Kharif,Bihar,2009,337801,864333.13,1535.34,145.95,5.946,2.5587
Maize,Rabi,Maharashtra,2015,723596,2605618.75,1012.42,162.85,3.1077,3.6009
Maize,Rabi,Uttar Pradesh,2002,358487,1162695.33,1032.61,132.46,5.3981,3.2433
Maize,Rabi,Madhya Pradesh,2015,649268,2865201.32,1082.22,169.75,6.5686,4.413
Rice,Kharif,Karnataka,1998,2308431,5967578.66,1349.49,192.83,6.0278,2.5851
Wheat,Rabi,Uttarakhand,2008,2137260,13982008.77,552.65,221.9,3.5997,6.542
Maize,Kharif,Rajasthan,2000,716875,2813941.27,878.31,156.81,4.6722,3.9253
Wheat,Rabi,Himachal Pradesh,2000,1667854,8165505.52,693.78,108.22,1.4652,4.8958
Maize,Rabi,Haryana,2003,697764,2226652.44,704.06,154.94,2.3495,3.1911
Maize,Kharif,Uttar Pradesh,2018,210611,813686.2,1187.41,140.23,1.1322,3.8635
Wheat,Rabi,Rajasthan,2002,385225,1301803.88,560.92,134.83,4.5105,3.3793
Rice,Kharif,Rajasthan,2002,919654,2520797.41,1248.71,199.77,4.0878,2.741
Rice,Kharif,Rajasthan,2016,2442391,7056442.77,979.59,193.77,7.4233,2.8892
Maize,Rabi,Himachal Pradesh,1999,109180,413626.24,1184.74,110.41,6.3512,3.7885
Maize,Rabi,Andhra Pradesh,2018,563272,3447343.01,759.09,70.57,1.6844,6.1202
Rice,Kharif,Tamil Nadu,2015,2229895,10790658.86,908.73,171.47,5.7855,4.8391
Maize,Kharif,West Bengal,2012,751348,2530002.06,706.23,111.97,3.9978,3.3673
Maize,Kharif,Uttarakhand,2015,123448,481574.02,653.19,116.62,4.9061,3.901
Maize,Rabi,Punjab,2004,53174,151010.93,479.66,156.23,3.4332,2.8399
Rice,Kharif,Jammu and Kashmir,2000,503900,1396184.93,1080.09,146.75,1.3616,2.7708
Maize,Rabi,Jammu and Kashmir,2004,781764,2421459.38,807.06,74.84,6.0953,3.0974
Rice,Kharif,Punjab,2015,68156,415594.9,1578.86,91.84,2.1051,6.0977
Wheat,Rabi,Haryana,2002,956535,6744623.48,555.18,107.87,2.6558,7.0511
Rice,Kharif,Haryana,2016,1782085,9602643.54,1541.2,119.93,3.6677,5.3884
Maize,Kharif,Karnataka,2019,330387,2122034.33,869.99,125.27,4.9199,6.4229
Rice,Kharif,West Bengal,2004,476779,1271337.86,1439.6,144.43,3.2434,2.6665
Rice,Kharif,Chhattisgarh,2009,2461279,6879771.08,1000.11,133.13,3.3281,2.7952
Rice,Kharif,Uttar Pradesh,2018,1203276,4460705.16,1429.41,109.43,5.7921,3.7071
Maize,Rabi,Assam,2010,438672,1475254.8,738.83,108.31,2.5169,3.363
Rice,Kharif,West Bengal,2016,722528,2280839.58,1358.79,140.76,3.1389,3.1567
Rice,Kharif,Uttarakhand,2005,1144675,3228309.1,1480.73,191.13,3.4471,2.8203
Maize,Rabi,Madhya Pradesh,2010,678452,2678022.13,640.31,150.39,4.2035,3.9473
Wheat,Rabi,Bihar,2009,1332954,4786430.04,496.94,247.8,5.4129,3.5908
Rice,Kharif,Uttarakhand,1997,2746316,6581811.53,1167.08,111.79,2.3497,2.3966
Rice,Kharif,Jharkhand,2009,1474640,3188084.55,1568.99,135.06,3.9554,2.1619
Maize,Kharif,Odisha,2006,208993,678332.09,800.38,165.42,2.919,3.2457
Maize,Kharif,Punjab,1998,33418,93986.09,467.16,117.15,6.1212,2.8124
Maize,Kharif,Odisha,2003,519858,1501734.13,1174.21,156.02,2.5508,2.8887
Wheat,Rabi,Gujarat,1997,2389667,7724848.26,678.78,112.85,3.0701,3.2326
Rice,Kharif,Uttarakhand,2011,2616836,7663229.78,1293.56,152.67,5.0927,2.9284
Maize,Kharif,Gujarat,2006,670320,2082282.44,446.41,119.73,1.7819,3.1064
Wheat,Rabi,Jammu and Kashmir,2013,278257,1278343.99,627.12,115.95,3.1337,4.5941
Rice,Kharif,Maharashtra,2015,1758265,6063962.48,1032.47,182.64,1.9159,3.4488
Maize,Rabi,Tamil Nadu,1997,7260,19146.45,1188.25,99.17,5.5749,2.6373
Rice,Kharif,Andhra Pradesh,2000,316581,1386380.38,1181.0,173.36,4.3493,4.3792
Rice,Kharif,Maharashtra,2000,358242,972832.92,1519.41,118.65,1.6125,2.7156
Maize,Rabi,Odisha,2000,395963,1119362.04,1134.35,112.62,5.5115,2.8269
Rice,Kharif,Andhra Pradesh,2008,2997517,13749413.21,1502.91,168.97,3.7643,4.5869
Rice,Kharif,Jammu and Kashmir,2011,2037458,6349093.6,910.01,103.19,0.7417,3.1162
Wheat,Rabi,Rajasthan,2008,1951326,7534959.43,478.14,216.22,3.0757,3.8615
Rice,Kharif,Himachal Pradesh,2006,653361,1877751.02,1294.6,161.7,3.5129,2.874
Maize,Kharif,Haryana,2020,159525,599375.69,603.43,136.24,6.6817,3.7573
Maize,Kharif,Haryana,2016,513768,1936451.46,766.21,82.37,5.1504,3.7691
Wheat,Rabi,Rajasthan,2016,1665478,6830851.61,568.5,119.84,5.3857,4.1014
Maize,Kharif,Jammu and Kashmir,2017,799417,2539959.2,442.3,132.73,1.65,3.1773
Rice,Kharif,West Bengal,2013,959428,2804394.59,1560.39,156.57,5.8106,2.923
Wheat,Rabi,Rajasthan,2018,1877206,7820363.49,568.9,152.95,4.9329,4.166
Maize,Kharif,Andhra Pradesh,2004,250517,1265553.03,743.38,80.03,1.0282,5.0518
Maize,Rabi,Karnataka,2010,232999,1297596.44,987.41,149.59,5.6332,5.5691
Maize,Rabi,Madhya Pradesh,2002,100359,373704.34,1119.11,119.0,0.7672,3.7237
Maize,Kharif,Andhra Pradesh,2001,384052,1945696.53,807.0,83.35,1.7265,5.0662
Maize,Kharif,Uttarakhand,1997,455664,1288803.72,501.96,103.91,6.3333,2.8284
Wheat,Rabi,Himachal Pradesh,2006,1094898,5568473.67,599.58,203.33,1.9249,5.0858
Maize,Kharif,Jammu and Kashmir,2008,696308,2266151.55,495.27,95.27,5.5685,3.2545
Rice,Kharif,Uttarakhand,2008,407047,1139776.51,1043.75,169.8,7.2766,2.8001
Maize,Kharif,Telangana,2017,31008,169680.13,857.6,157.58,5.0688,5.4721
Rice,Kharif,Odisha,1998,1640250,3414595.76,1341.85,188.34,5.1164,2.0818
Rice,Kharif,Madhya Pradesh,2005,1995849,6038858.01,1094.62,196.62,7.9834,3.0257
Wheat,Rabi,Rajasthan,2020,1954694,7865496.27,422.34,142.48,3.5042,4.0239
Rice,Kharif,Odisha,2000,2275316,5072891.0,1035.92,140.67,3.7265,2.2295
Maize,Kharif,Madhya Pradesh,2002,177529,654602.59,662.49,127.24,1.1672,3.6873
Maize,Kharif,Uttar Pradesh,2016,777663,3067193.8,1195.65,154.0,1.3983,3.9441
Rice,Kharif,Rajasthan,1997,2917006,7663894.73,1318.43,153.1,1.7835,2.6273
Maize,Kharif,Telangana,2015,584577,3277416.34,707.75,140.28,5.0241,5.6065
Maize,Rabi,Bihar,2013,788377,2404631.79,941.48,105.83,5.5412,3.0501
Rice,Kharif,Gujarat,2019,2254004,7411734.51,1355.61,165.88,4.2109,3.2883
Maize,Rabi,Tamil Nadu,2001,506916,1622323.2,820.56,154.61,5.834,3.2004
Maize,Rabi,Punjab,2009,587316,1796582.59,745.78,111.9,1.3626,3.059
Maize,Kharif,Odisha,2019,663592,2488840.06,830.19,143.33,0.8405,3.7506
Rice,Kharif,Karnataka,2000,2237124,6547811.81,1041.3,157.2,0.7336,2.9269
Rice,Kharif,Odisha,2016,1231943,3670366.74,958.93,129.74,1.8642,2.9793
Maize,Kharif,Haryana,2017,298371,999234.66,1120.17,137.14,1.3693,3.349
Rice,Kharif,Assam,2002,2905255,6629646.91,1314.65,163.2,5.0756,2.282
Rice,Kharif,Assam,2009,2202880,5902781.83,1565.37,185.13,6.5986,2.6796
Wheat,Rabi,Rajasthan,2007,2100676,7515828.64,478.83,117.81,3.135,3.5778
Maize,Rabi,Jammu and Kashmir,2013,561710,1972710.26,426.17,116.85,2.1806,3.512
Maize,Kharif,Madhya Pradesh,2007,749904,2878642.96,920.07,175.42,3.7257,3.8387
Rice,Kharif,Odisha,2020,382984,1090248.57,847.94,124.94,2.7246,2.8467
Wheat,Rabi,Gujarat,2010,2071104,7948204.97,671.36,224.81,2.9679,3.8377
Wheat,Rabi,Jammu and Kashmir,2003,691365,3024002.86,525.58,185.0,5.1418,4.374
Rice,Kharif,Maharashtra,2004,1050646,2702509.53,1044.3,101.97,5.7008,2.5722
Rice,Kharif,Bihar,2015,2045133,5963931.46,1551.27,124.09,0.5959,2.9162
Wheat,Rabi,Himachal Pradesh,2014,1880545,10987266.06,442.96,148.95,3.7665,5.8426
Maize,Kharif,Punjab,2019,351292,1277830.4,854.55,157.91,6.4308,3.6375
Maize,Rabi,Haryana,2000,462925,1261162.22,1075.59,96.76,4.2866,2.7243
Maize,Rabi,Maharashtra,2008,193783,663684.55,813.31,114.6,6.797,3.4249
Maize,Kharif,Jammu and Kashmir,2015,417064,1543081.93,1142.01,170.97,2.3859,3.6999
Maize,Rabi,Karnataka,2011,96962,531159.19,439.23,115.87,1.5764,5.478
Maize,Rabi,Uttar Pradesh,2015,358993,1399965.02,535.82,129.23,0.6467,3.8997
Maize,Kharif,Madhya Pradesh,2014,520780,2144361.89,1125.43,140.93,0.5877,4.1176
Maize,Kharif,Karnataka,2002,90847,482341.02,820.41,128.1,2.7878,5.3094
Maize,Rabi,Jammu and Kashmir,2010,685956,2349829.67,709.22,177.78,3.7564,3.4256
Rice,Kharif,Telangana,2009,1530993,4565342.67,1213.2,81.17,6.7413,2.9819
Maize,Rabi,Jharkhand,1999,251205,599836.91,1109.81,84.92,3.394,2.3878
Maize,Rabi,Rajasthan,2018,118253,548292.62,482.15,135.47,0.8458,4.6366
Rice,Kharif,Karnataka,2007,474843,1394192.03,1523.82,157.32,3.9256,2.9361
Wheat,Rabi,Jammu and Kashmir,2008,633411,2828896.88,446.33,133.5,4.7012,4.4661
Wheat,Rabi,Punjab,2002,2471345,17887384.99,395.71,107.61,5.4595,7.2379
Maize,Kharif,Telangana,2006,658404,3020774.39,438.87,179.41,4.769,4.588
Rice,Kharif,Jammu and Kashmir,2017,245774,786476.28,1416.08,146.84,7.2224,3.2
Rice,Kharif,West Bengal,2000,1163032,2936984.15,841.92,169.01,4.4456,2.5253
Maize,Rabi,Himachal Pradesh,2014,270302,1256791.59,434.63,103.18,0.4678,4.6496
Rice,Kharif,Punjab,2017,1917580,11200486.46,1571.09,136.58,6.9485,5.8409
Wheat,Rabi,Maharashtra,2006,245744,905882.22,506.11,123.85,2.0734,3.6863
Rice,Kharif,Karnataka,2010,2688906,8343020.51,1382.59,169.37,4.6218,3.1028
Rice,Kharif,Gujarat,1997,1076811,2497935.36,930.72,125.53,7.9214,2.3198
Maize,Kharif,Tamil Nadu,2018,90782,329669.32,1104.08,158.84,6.9357,3.6314
Maize,Rabi,Madhya Pradesh,2014,74966,305581.82,879.11,109.79,3.5712,4.0763
Maize,Rabi,Jharkhand,2010,62187,171473.88,594.44,138.31,1.3747,2.7574
Rice,Kharif,Gujarat,2010,2671995,7563513.98,848.04,122.66,1.6544,2.8307
Rice,Kharif,Uttar Pradesh,1998,149255,455386.83,1328.03,127.82,2.5895,3.0511
Maize,Rabi,Haryana,2018,270206,944878.76,944.54,167.14,0.4129,3.4969
Maize,Kharif,Maharashtra,2005,699303,2266681.8,716.48,81.11,2.3917,3.2413
Rice,Kharif,Assam,2003,2342381,5339944.38,1190.65,190.03,4.566,2.2797
Maize,Kharif,West Bengal,2017,367021,1318934.22,1110.14,155.97,3.0697,3.5936
Rice,Kharif,Gujarat,2013,1902127,5635183.36,1372.32,92.39,1.0469,2.9626
Rice,Kharif,Andhra Pradesh,1997,77257,304117.68,1407.05,99.16,3.6696,3.9364
Rice,Kharif,Andhra Pradesh,2003,2058739,8554789.51,1531.55,163.48,5.7783,4.1554
Maize,Kharif,West Bengal,2004,292330,844081.79,474.67,109.65,0.944,2.8874
Wheat,Rabi,Bihar,2005,942344,3064446.89,352.29,223.55,2.4218,3.2519
Maize,Rabi,Odisha,2010,608198,2056528.82,803.78,94.43,2.3126,3.3813
Wheat,Rabi,Jammu and Kashmir,2019,1497562,7539671.81,435.93,162.87,4.2088,5.0346
Rice,Kharif,Telangana,2005,2502443,6766983.98,887.18,92.68,3.8718,2.7042
Wheat,Rabi,Bihar,2000,1912728,5839791.6,436.36,155.51,4.4131,3.0531
Wheat,Rabi,Maharashtra,2012,1619842,5639663.34,326.42,131.24,4.2561,3.4816
Rice,Kharif,Madhya Pradesh,2004,2627334,6924030.76,1272.13,160.65,2.8489,2.6354
Maize,Kharif,Karnataka,2006,42034,224385.88,866.42,179.42,5.7857,5.3382
Rice,Kharif,Jharkhand,2000,1612994,3258776.85,1449.42,146.76,4.8985,2.0203
Maize,Kharif,Karnataka,2007,334159,1850091.55,969.5,172.91,4.575,5.5366
Maize,Rabi,Odisha,2017,672377,2378327.11,738.74,118.41,6.5448,3.5372
Maize,Rabi,Himachal Pradesh,2015,62328,291943.16,952.55,156.77,1.9819,4.684
Rice,Kharif,Karnataka,2011,1483555,3920763.11,1517.74,158.83,1.1585,2.6428
Wheat,Rabi,Maharashtra,2019,1105281,4689127.81,303.41,144.92,4.9872,4.2425
Maize,Kharif,Uttar Pradesh,1998,717131,2504758.19,1038.51,149.66,5.9473,3.4927
Rice,Kharif,West Bengal,2007,2349060,6961070.7,1197.08,104.92,7.4984,2.9633
Maize,Kharif,Karnataka,2011,43504,240262.81,516.3,73.57,4.2154,5.5228
Maize,Rabi,Gujarat,2000,692923,2111767.05,958.78,113.12,4.3273,3.0476
Wheat,Rabi,Jammu and Kashmir,2007,19214,89712.17,436.54,224.48,5.7973,4.6691
Rice,Kharif,Bihar,1999,2869753,6004886.16,1457.14,149.15,6.2233,2.0925
Maize,Kharif,Jammu and Kashmir,2001,396326,1162711.68,1035.92,107.3,6.5971,2.9337
Maize,Kharif,West Bengal,2019,727494,2848023.79,882.69,72.95,1.7134,3.9148
Maize,Kharif,Uttarakhand,2011,783656,2497596.17,444.82,127.32,4.1286,3.1871
Maize,Rabi,Gujarat,2001,155647,468031.0,650.07,149.02,5.2457,3.007
Maize,Kharif,Rajasthan,2009,329398,1448433.56,583.48,151.14,3.3249,4.3972
Rice,Kharif,Jammu and Kashmir,2014,672176,2321910.64,1082.5,134.71,1.7477,3.4543
Rice,Kharif,Chhattisgarh,1998,2647368,6551156.92,1068.15,178.21,6.1335,2.4746
Wheat,Rabi,Madhya Pradesh,2014,1339358,5836460.96,691.21,122.19,2.856,4.3577
Rice,Kharif,Uttarakhand,2019,1287521,4010842.23,1155.6,122.19,4.8797,3.1152
Maize,Kharif,Telangana,2003,511384,2325442.52,678.64,80.74,5.1652,4.5474
Wheat,Rabi,Uttar Pradesh,2015,2190823,11502296.4,607.03,218.91,1.451,5.2502
Rice,Kharif,Chhattisgarh,2012,1360471,4189016.2,1065.87,103.78,6.188,3.0791
Rice,Kharif,Karnataka,2009,2564547,7457416.29,1208.44,163.81,5.1139,2.9079
Rice,Kharif,Chhattisgarh,1997,184638,489039.55,1444.04,128.14,0.9964,2.6486
Wheat,Rabi,Uttarakhand,2002,1224112,7387603.35,650.7,101.39,3.5374,6.0351
Wheat,Rabi,Jharkhand,1997,300298,887494.63,691.19,179.91,1.0168,2.9554
Maize,Rabi,Andhra Pradesh,2017,362259,2089848.49,1005.64,87.6,0.5841,5.7689
Maize,Rabi,Karnataka,2016,774989,4791933.01,1125.5,157.67,1.2535,6.1832
Rice,Kharif,Odisha,2012,1238110,3446899.44,1259.27,100.55,2.8353,2.784
Maize,Kharif,Madhya Pradesh,2011,709737,2742045.31,627.5,142.7,5.019,3.8635
Rice,Kharif,Rajasthan,2011,658813,1980419.15,1324.99,147.78,1.6854,3.006
Maize,Rabi,Chhattisgarh,2017,780590,2996810.96,791.03,83.46,2.7011,3.8392
Maize,Rabi,Jharkhand,2000,44581,98008.11,929.54,166.4,4.479,2.1984
Maize,Rabi,Uttar Pradesh,2011,751030,2923726.15,1037.19,149.02,1.2154,3.893
Rice,Kharif,Andhra Pradesh,2009,291017,1306168.53,1556.57,178.43,5.3022,4.4883
Wheat,Rabi,Punjab,1997,2262216,15472418.8,600.35,215.29,2.239,6.8395
Rice,Kharif,Punjab,2011,1970933,11521678.23,1248.55,165.5,0.7981,5.8458
Maize,Kharif,Rajasthan,2012,790829,3408113.71,643.26,156.35,2.1189,4.3095
Rice,Kharif,Bihar,2005,150286,422043.39,986.4,121.57,6.7968,2.8083
Rice,Kharif,Andhra Pradesh,2017,2129129,10867955.26,1389.66,151.5,4.6573,5.1044
Maize,Rabi,Karnataka,1998,131935,660708.78,1036.98,132.25,0.6711,5.0078
Maize,Kharif,Odisha,2018,793490,2859303.36,728.89,165.1,5.5973,3.6035
Maize,Kharif,Bihar,2001,322534,810863.45,891.54,80.28,4.6305,2.514
Maize,Rabi,Madhya Pradesh,1999,598419,1959201.79,1092.05,155.61,6.8258,3.274
Maize,Rabi,Assam,2003,43551,125806.28,1032.58,109.55,6.3103,2.8887
Rice,Kharif,Assam,1999,1258873,2876072.72,1330.07,128.05,6.2037,2.2846
Rice,Kharif,Telangana,1999,1887592,4369788.76,1504.68,138.17,0.7165,2.315
Maize,Kharif,Andhra Pradesh,1999,193803,861370.86,535.99,78.69,6.1475,4.4446
Maize,Kharif,Rajasthan,2016,543277,2534551.13,673.4,120.99,1.8799,4.6653
Maize,Kharif,Andhra Pradesh,2008,782948,3995278.28,610.65,129.88,1.5474,5.1029
Maize,Rabi,Assam,2014,752159,2622470.17,840.89,153.19,1.1522,3.4866
Maize,Kharif,Punjab,1999,349525,950202.2,1081.87,164.53,2.9081,2.7186
Maize,Rabi,Maharashtra,2005,463089,1468400.31,1033.47,175.67,4.6846,3.1709
Maize,Kharif,Haryana,2003,477436,1381416.12,792.48,109.14,6.6115,2.8934
Maize,Kharif,Assam,2011,673470,2253764.84,569.87,140.47,4.9541,3.3465
Rice,Kharif,Gujarat,2009,784149,2232827.46,1125.71,92.78,1.0429,2.8475
Maize,Kharif,Chhattisgarh,2004,87860,264035.56,809.04,92.35,5.7332,3.0052
Rice,Kharif,Rajasthan,2005,485993,1234806.24,964.16,197.97,3.6486,2.5408
Maize,Rabi,Assam,2019,259063,985769.87,970.87,118.15,3.5072,3.8051
Wheat,Rabi,Madhya Pradesh,2010,1360666,5948755.19,344.19,178.48,0.6801,4.3719
Rice,Kharif,Andhra Pradesh,2007,1436652,6776701.62,987.6,81.53,1.1675,4.717
Maize,Kharif,Punjab,2009,142509,445651.0,1183.42,145.46,5.7737,3.1272
Rice,Kharif,Chhattisgarh,2002,856414,2612511.3,1565.87,113.48,2.7387,3.0505
Maize,Rabi,Jammu and Kashmir,2018,213795,850723.29,558.26,89.16,6.2435,3.9792
Maize,Kharif,Uttarakhand,2008,12459,39473.31,862.39,82.96,0.4475,3.1683
Wheat,Rabi,Haryana,2014,2419733,19367259.48,350.59,139.06,1.3516,8.0039
Rice,Kharif,Karnataka,2004,1526331,4080294.45,1476.41,154.08,6.603,2.6733
Maize,Kharif,West Bengal,2007,55931,198487.81,842.58,117.61,4.2618,3.5488
Maize,Kharif,Haryana,1998,402542,1179352.19,622.61,174.63,3.1823,2.9298
Maize,Rabi,Tamil Nadu,2004,245068,722132.73,706.46,150.38,1.076,2.9467
Rice,Kharif,Odisha,2013,2112430,5296071.68,1583.54,104.08,3.4448,2.5071
Maize,Kharif,Tamil Nadu,2015,561860,1997377.66,780.21,93.07,5.6513,3.5549
Rice,Kharif,Andhra Pradesh,2001,2776132,12204970.61,1068.23,97.53,0.7873,4.3964
Rice,Kharif,Himachal Pradesh,2020,2112097,6932083.43,855.99,103.1,5.2578,3.2821
Wheat,Rabi,Himachal Pradesh,2001,155957,700828.86,350.49,135.4,3.9774,4.4937
Maize,Rabi,Tamil Nadu,2011,222723,697650.27,439.14,86.31,4.7116,3.1324
Rice,Kharif,Jammu and Kashmir,1997,2904145,7742264.36,1137.73,87.62,3.3621,2.6659
Maize,Kharif,Bihar,2020,506111,1736054.45,788.16,153.66,0.4627,3.4302
Maize,Rabi,Karnataka,2000,496699,2601482.64,753.77,103.31,2.2128,5.2375
Maize,Rabi,Chhattisgarh,2013,453906,1571332.91,988.94,97.13,2.5602,3.4618
Maize,Kharif,Andhra Pradesh,2010,22094,120334.05,814.09,179.28,2.3922,5.4465
Maize,Kharif,Uttar Pradesh,2008,773844,2820242.38,1085.73,84.73,3.7074,3.6445
Maize,Rabi,Uttarakhand,2013,479419,1561625.59,796.23,79.14,5.3703,3.2573
Wheat,Rabi,Uttarakhand,2015,199240,1467169.52,351.28,154.96,4.9145,7.3638
Maize,Kharif,Chhattisgarh,2015,269039,987714.86,797.16,79.93,4.3588,3.6713
Maize,Kharif,Assam,2006,649328,2089883.43,746.97,117.24,3.2316,3.2185
Wheat,Rabi,Madhya Pradesh,2017,1526821,6646496.51,362.81,143.82,2.8167,4.3532
Rice,Kharif,Tamil Nadu,2008,2927475,12380110.04,923.0,135.11,2.9879,4.2289
Rice,Kharif,West Bengal,2006,2321001,6802090.47,1131.19,170.77,2.2063,2.9307
Maize,Rabi,Chhattisgarh,2001,172457,561202.69,1050.78,172.71,5.1594,3.2542
Wheat,Rabi,Rajasthan,1998,979980,2984150.85,453.21,122.92,1.5195,3.0451
Maize,Kharif,Madhya Pradesh,2016,56047,238241.8,1041.25,101.12,5.6678,4.2508
Wheat,Rabi,Uttar Pradesh,2014,684401,3735977.6,584.72,142.79,5.8473,5.4588
Maize,Rabi,Bihar,2004,695388,1684698.46,1100.66,92.6,4.4057,2.4227
Maize,Rabi,Maharashtra,2012,492521,1715677.04,813.56,127.57,4.4265,3.4835
Rice,Kharif,Punjab,2005,198325,1140884.23,1242.29,189.67,6.055,5.7526
Rice,Kharif,Jammu and Kashmir,2013,2701943,7699747.77,1597.61,157.65,3.2402,2.8497
Maize,Kharif,Himachal Pradesh,2006,226449,966193.21,987.26,134.87,1.5153,4.2667
Rice,Kharif,West Bengal,2012,1976730,6468042.91,1110.07,183.78,1.3688,3.2721
Maize,Rabi,Bihar,1999,682737,1537616.39,431.54,156.75,0.6202,2.2521
Maize,Kharif,Himachal Pradesh,2010,791804,3817871.16,606.93,123.13,5.2175,4.8217
Maize,Rabi,Odisha,2013,82101,319852.61,776.79,123.28,6.2772,3.8958
Maize,Rabi,Bihar,2005,702860,1939487.82,871.16,89.29,2.425,2.7594
Maize,Kharif,Jammu and Kashmir,2011,478858,1628986.49,1063.57,103.29,3.8657,3.4018
Maize,Rabi,Jammu and Kashmir,2001,538853,1559926.13,721.11,74.43,0.6568,2.8949
Maize,Rabi,Uttarakhand,2019,328301,1212435.83,755.19,135.8,0.7212,3.6931
Maize,Rabi,Jammu and Kashmir,1999,586128,1605237.49,565.73,93.75,6.14,2.7387
Maize,Rabi,Rajasthan,2007,54261,207434.32,1141.19,112.63,6.7142,3.8229
Wheat,Rabi,Madhya Pradesh,2003,1268184,5305030.14,573.62,227.18,4.0263,4.1832
Maize,Kharif,Uttarakhand,2020,209553,800044.26,969.55,165.68,6.1831,3.8179
Maize,Kharif,Gujarat,1999,83957,230742.47,512.61,176.32,6.0769,2.7483
Wheat,Rabi,Uttar Pradesh,1997,1973143,9069150.73,511.65,245.66,5.2064,4.5963
Maize,Rabi,Andhra Pradesh,2019,121123,694552.36,503.31,116.03,5.3047,5.7343
Wheat,Rabi,Himachal Pradesh,2003,878884,4383950.64,534.81,212.84,4.3625,4.9881
Rice,Kharif,Rajasthan,2001,835651,2356556.36,1331.5,90.27,7.8099,2.82
Maize,Rabi,Rajasthan,2004,600990,2434412.77,736.69,130.1,1.5403,4.0507
Maize,Rabi,Punjab,2006,748826,2327838.55,914.19,116.62,2.8847,3.1087
Wheat,Rabi,Madhya Pradesh,2007,703754,2863307.35,329.95,173.75,1.6731,4.0686
Maize,Rabi,Karnataka,2020,200454,1291465.93,963.24,91.78,1.6011,6.4427
Rice,Kharif,Jharkhand,2015,2846246,6637990.83,1282.53,128.53,4.134,2.3322
Wheat,Rabi,Rajasthan,2006,851909,3148426.82,634.79,137.42,2.9018,3.6957
Maize,Rabi,Jharkhand,1998,62174,151328.22,842.69,146.72,1.2334,2.4339
Maize,Rabi,Andhra Pradesh,2008,690073,3417517.65,1118.58,78.56,2.0605,4.9524
Maize,Rabi,Tamil Nadu,2012,638790,2173507.64,1144.25,138.56,3.399,3.4025
Rice,Kharif,Bihar,2000,2505197,6364928.2,1238.69,119.02,7.9597,2.5407
Rice,Kharif,Maharashtra,2012,1193594,3414689.88,919.46,112.84,0.6144,2.8608
Rice,Kharif,West Bengal,2017,480602,1609245.12,1304.33,165.57,7.8462,3.3484
Maize,Rabi,Maharashtra,2004,151622,487361.86,598.23,140.91,2.0379,3.2143
Rice,Kharif,Chhattisgarh,1999,203918,564334.87,1163.86,117.74,2.9246,2.7675
Rice,Kharif,Haryana,2004,68664,322031.5,1363.79,104.69,6.1424,4.69
Rice,Kharif,Gujarat,2014,2131753,6929290.02,920.4,104.51,7.6408,3.2505
Maize,Rabi,Odisha,1997,595341,1608678.98,1196.88,78.06,1.8068,2.7021
Maize,Kharif,Gujarat,2007,723430,2331964.22,650.12,130.73,0.4856,3.2235
Maize,Rabi,Bihar,2017,141381,488103.76,781.0,119.08,2.8373,3.4524
Rice,Kharif,Karnataka,2020,2934108,9478626.18,1054.37,182.19,4.116,3.2305
Wheat,Rabi,Rajasthan,2001,1880306,6190866.88,541.05,163.92,4.2317,3.2925
Maize,Rabi,Himachal Pradesh,2008,718666,3398244.54,717.96,92.41,4.0439,4.7285
Maize,Rabi,Telangana,2018,15372,82068.46,458.98,73.3,1.1602,5.3388
Rice,Kharif,Chhattisgarh,2014,1911683,6520057.69,1390.17,82.58,1.918,3.4106
Maize,Rabi,West Bengal,2011,217705,776420.82,402.83,154.19,0.4806,3.5664
Wheat,Rabi,Himachal Pradesh,2015,2459335,14166838.25,310.76,233.7,2.2452,5.7604
Maize,Kharif,Bihar,2015,72557,232587.9,907.14,163.06,2.1618,3.2056
Rice,Kharif,Haryana,2013,1106528,5995486.47,954.46,82.84,1.1896,5.4183
Maize,Kharif,Tamil Nadu,2007,364513,1053047.96,1176.39,119.81,1.2803,2.8889
Maize,Kharif,Punjab,2002,189019,549990.05,888.76,140.26,3.0762,2.9097
Wheat,Rabi,Rajasthan,2015,2395951,9049891.93,570.01,199.01,4.2066,3.7772
Rice,Kharif,Uttar Pradesh,2015,108654,397842.72,1223.07,165.9,7.732,3.6616
Maize,Rabi,Madhya Pradesh,2004,436709,1759561.89,892.86,118.66,1.8338,4.0291
Maize,Rabi,Uttarakhand,2014,122149,431829.9,462.19,155.22,5.3984,3.5353
Rice,Kharif,Uttar Pradesh,1999,1056067,2715139.47,939.05,89.01,0.5201,2.571
Maize,Rabi,Gujarat,2002,449730,1412518.03,825.55,160.57,2.0336,3.1408
Rice,Kharif,Himachal Pradesh,2012,1021795,2859891.89,1557.96,97.25,7.2178,2.7989
Rice,Kharif,Tamil Nadu,2001,632138,2425871.71,1407.07,136.29,5.1151,3.8376
Rice,Kharif,Madhya Pradesh,2009,2797349,7601167.32,800.23,98.89,7.9761,2.7173
Rice,Kharif,Uttarakhand,2004,2422509,6782272.03,1394.01,171.91,4.6229,2.7997
Wheat,Rabi,Rajasthan,1999,1882955,5776483.7,515.43,151.77,3.4459,3.0678
Maize,Kharif,Jammu and Kashmir,2009,112241,378124.32,625.69,83.75,3.2935,3.3689
Wheat,Rabi,Gujarat,2008,353822,1379221.18,636.72,228.81,1.098,3.8981
Maize,Kharif,Madhya Pradesh,2001,195802,732634.53,1014.23,84.19,3.7189,3.7417
Maize,Kharif,Punjab,2015,694719,2398007.54,1090.69,132.49,6.3493,3.4518
Maize,Rabi,Assam,2020,544926,1910492.39,730.5,90.67,6.9088,3.506
Wheat,Rabi,Uttarakhand,2004,400467,2648635.11,461.14,212.47,4.2598,6.6139
Rice,Kharif,Telangana,2004,224527,558432.77,1408.0,132.96,2.1391,2.4872
Maize,Kharif,Madhya Pradesh,2012,287329,1263092.24,728.67,130.08,2.822,4.396
Rice,Kharif,Maharashtra,1999,158485,340698.75,873.06,195.43,6.7697,2.1497
Rice,Kharif,Uttar Pradesh,2009,2973670,9009465.41,1347.65,86.25,3.4183,3.0297
Maize,Kharif,Bihar,2014,614908,1921147.95,446.81,105.16,6.1969,3.1243
Rice,Kharif,Punjab,2019,474422,2927103.28,816.8,161.29,3.3419,6.1698
Maize,Kharif,Uttarakhand,2004,703435,2116499.25,993.35,151.47,1.1883,3.0088
Rice,Kharif,Jharkhand,2007,2614075,5443462.11,1103.8,123.03,0.7161,2.0824
Maize,Rabi,Assam,2013,584606,1916973.58,1084.0,79.51,6.056,3.2791
Rice,Kharif,Odisha,2003,1433555,2731643.18,984.01,148.37,2.343,1.9055
Maize,Kharif,Bihar,2012,262143,884250.11,777.96,151.59,6.7387,3.3732
Rice,Kharif,Bihar,2014,1594115,4263133.58,1439.92,193.44,6.566,2.6743
Maize,Kharif,Assam,2000,93834,283999.99,647.67,111.43,5.625,3.0266
Rice,Kharif,Maharashtra,2003,1362490,3839527.89,1131.14,147.5,2.1596,2.818
Maize,Rabi,Haryana,2005,499596,1755710.53,823.55,154.35,6.9974,3.5143
Rice,Kharif,Haryana,2001,1516266,6479257.52,1544.38,129.79,3.4734,4.2732
Maize,Rabi,Andhra Pradesh,2020,98190,540021.83,487.42,132.99,5.6637,5.4998
Rice,Kharif,West Bengal,1998,1163446,3121026.09,830.61,151.59,3.0927,2.6826
Maize,Rabi,Odisha,2003,387746,1263403.63,491.11,132.02,4.3087,3.2583
Rice,Kharif,Jammu and Kashmir,1998,787722,2055750.07,1443.29,163.51,3.9841,2.6097
Maize,Rabi,Chhattisgarh,2015,617710,2097026.16,989.79,158.64,5.3101,3.3948
Maize,Kharif,Assam,1999,567636,1591422.19,498.87,110.54,5.3435,2.8036
Wheat,Rabi,Punjab,2018,1908837,17372276.03,409.21,199.34,2.1333,9.101
Maize,Rabi,Chhattisgarh,2018,156624,553813.44,445.85,125.78,5.9122,3.5359
Maize,Rabi,Haryana,2011,156631,509614.83,543.09,148.33,3.1692,3.2536
Rice,Kharif,Maharashtra,2020,2161496,6712227.87,1269.97,198.61,2.2445,3.1054
Rice,Kharif,Himachal Pradesh,2014,1971020,6072261.77,1043.27,95.83,6.4201,3.0808
Rice,Kharif,Punjab,2007,528203,2804007.66,1427.81,139.73,5.0675,5.3086
Maize,Kharif,Jharkhand,2011,502549,1305791.92,1037.8,141.02,3.5779,2.5983
Maize,Kharif,Uttarakhand,2005,627886,1759623.56,1188.22,168.25,5.0497,2.8025
Maize,Rabi,Jharkhand,2020,738478,2325404.87,1124.16,150.77,2.3395,3.1489
Maize,Kharif,Telangana,2010,272865,1334748.96,536.26,101.24,5.6086,4.8916
Maize,Rabi,Uttar Pradesh,2020,687524,2713596.93,708.27,116.64,2.0288,3.9469
Maize,Kharif,Jammu and Kashmir,2000,214398,573126.75,1041.01,85.22,2.05,2.6732
Rice,Kharif,Tamil Nadu,2018,297102,1445272.78,1291.58,119.03,0.7038,4.8646
Rice,Kharif,Assam,2012,2690191,5564276.97,1468.94,163.92,5.1224,2.0684
Maize,Rabi,Odisha,2015,447519,1624080.3,917.54,74.07,1.4518,3.6291
Wheat,Rabi,Maharashtra,2005,2317374,8468468.56,399.94,169.31,4.8822,3.6543
Maize,Rabi,Rajasthan,2011,644008,2813675.29,586.18,101.95,1.6775,4.369
Wheat,Rabi,Haryana,1998,2127193,14682305.09,470.7,236.03,2.8417,6.9022
Maize,Rabi,West Bengal,2005,63624,176177.47,1011.24,174.26,4.1996,2.769
Rice,Kharif,Andhra Pradesh,2004,876589,3694707.67,1166.04,111.48,6.9698,4.2149
Rice,Kharif,Uttar Pradesh,1997,2731950,7481505.69,889.06,168.99,2.3367,2.7385
Maize,Rabi,Bihar,2015,725219,2422766.19,880.99,114.65,1.1495,3.3407
Rice,Kharif,Haryana,2009,1153487,5293812.01,977.42,89.6,0.7832,4.5894
Maize,Rabi,Jharkhand,2001,29302,71876.51,472.04,113.26,3.4177,2.453
Maize,Kharif,Punjab,2012,365987,1092140.73,1192.23,134.1,4.4358,2.9841
Wheat,Rabi,Maharashtra,2007,1176675,4184855.38,320.14,133.41,3.9669,3.5565
Maize,Kharif,Bihar,2017,107747,361327.98,517.24,116.83,3.1195,3.3535
Wheat,Rabi,Jharkhand,2011,1209212,5095959.47,484.54,163.37,3.7949,4.2143
Maize,Rabi,West Bengal,2000,85089,280358.0,808.39,82.54,3.7657,3.2949
Wheat,Rabi,Uttarakhand,1999,1608999,9401890.35,454.43,199.55,4.9783,5.8433
Maize,Rabi,Jammu and Kashmir,1997,371643,1174252.04,644.15,157.49,1.9021,3.1596
Wheat,Rabi,Punjab,2004,1003823,7470430.78,383.95,210.64,4.2281,7.442
Maize,Rabi,Jammu and Kashmir,2012,209394,789253.5,815.96,144.55,6.9552,3.7692
Maize,Rabi,Madhya Pradesh,2020,206205,934735.55,607.48,169.25,3.098,4.533
Maize,Kharif,Tamil Nadu,2001,583443,1570108.1,503.82,167.27,0.8339,2.6911
Rice,Kharif,Telangana,2018,2290132,7731658.45,1250.47,116.08,3.4648,3.3761
Maize,Kharif,Jharkhand,2002,570979,1366295.09,573.82,165.01,0.7725,2.3929
Wheat,Rabi,Bihar,2013,1894531,6421037.77,686.63,102.46,2.2339,3.3892
Maize,Rabi,Madhya Pradesh,2000,306022,1053573.78,461.38,165.07,6.0449,3.4428
Rice,Kharif,Maharashtra,1998,572716,1360113.47,1375.8,116.04,2.8196,2.3748
Maize,Rabi,Punjab,2000,676237,2060357.68,734.16,82.67,0.5377,3.0468
Maize,Rabi,Himachal Pradesh,2005,697687,2989851.14,625.22,96.13,0.7276,4.2854
Maize,Rabi,Bihar,2009,421332,1172426.98,482.41,77.02,6.1994,2.7827
Maize,Kharif,Gujarat,2012,659643,2345429.82,421.84,123.32,1.237,3.5556
Rice,Kharif,Odisha,1997,1951740,4213692.0,1308.55,123.78,3.2764,2.1589
Rice,Kharif,Maharashtra,2002,1065846,2932705.57,825.26,193.78,1.3242,2.7515
Maize,Rabi,Rajasthan,2016,524383,2461305.64,821.82,141.19,0.9542,4.6937
Maize,Kharif,Jharkhand,2019,16755,53352.32,941.91,86.88,2.7634,3.1843
Maize,Kharif,Gujarat,2017,128792,484458.69,955.58,120.1,0.6152,3.7616
Maize,Kharif,West Bengal,2018,452861,1756278.13,912.77,173.74,0.7423,3.8782
Rice,Kharif,Assam,2018,1615755,4982800.72,1232.35,100.18,2.3387,3.0839
Maize,Kharif,Uttarakhand,2002,341241,960250.86,589.52,166.39,6.9056,2.814
Maize,Kharif,West Bengal,2000,554414,1602030.75,462.92,165.76,5.3223,2.8896
Maize,Kharif,West Bengal,2015,319070,1198834.66,690.67,117.96,3.6799,3.7573
Maize,Kharif,Chhattisgarh,2020,342833,1259509.01,413.3,109.62,0.702,3.6738
Wheat,Rabi,Madhya Pradesh,2012,1010657,4540360.35,548.35,182.19,5.8512,4.4925
Maize,Rabi,Karnataka,2013,661895,3922134.52,927.46,100.41,1.6785,5.9256
Maize,Kharif,Rajasthan,2011,141014,584684.11,891.43,124.6,5.2126,4.1463
Maize,Rabi,Karnataka,2017,777652,4696647.21,404.17,107.29,1.9582,6.0395
Wheat,Rabi,Madhya Pradesh,2018,18587,84378.05,543.51,100.64,0.3546,4.5396
Rice,Kharif,Tamil Nadu,2012,243524,1116705.4,882.48,171.94,6.0917,4.5856
Rice,Kharif,Telangana,2012,1132351,3214725.28,1530.29,127.05,5.7471,2.839
Maize,Kharif,Assam,2012,19892,67513.25,993.14,136.42,6.4069,3.394
Rice,Kharif,Maharashtra,2019,2690142,9742760.03,1436.49,184.74,6.8863,3.6217
Maize,Kharif,Andhra Pradesh,1997,84046,435758.89,754.5,164.75,4.0321,5.1848
Rice,Kharif,Odisha,2019,2629020,6916044.37,851.9,141.03,6.1348,2.6307
Maize,Kharif,West Bengal,2008,383799,1358115.85,710.47,170.97,6.2182,3.5386
Rice,Kharif,Telangana,2002,1497599,3820100.45,1563.69,176.55,2.6784,2.5508
Wheat,Rabi,Uttar Pradesh,2012,1484049,7670247.18,491.46,226.86,1.9089,5.1685
Wheat,Rabi,Punjab,2017,475277,4066623.4,689.86,217.25,3.775,8.5563
Maize,Kharif,Assam,1998,787169,2247944.3,840.31,108.7,3.3947,2.8557
Rice,Kharif,Telangana,2006,1710075,4727076.61,1511.66,119.78,2.2818,2.7643
Maize,Rabi,Assam,1999,674567,1989958.94,1152.23,81.92,1.9432,2.95
Maize,Kharif,Andhra Pradesh,2000,371346,1767930.29,680.88,175.4,4.6599,4.7609
Rice,Kharif,Telangana,2013,558364,1701220.02,1253.8,192.21,3.1919,3.0468
Maize,Rabi,Punjab,2005,598128,1892580.75,801.91,112.72,1.5868,3.1642
Maize,Rabi,Uttar Pradesh,2018,183758,795571.3,841.43,142.58,4.1337,4.3295
Maize,Kharif,Uttarakhand,2019,670625,2548238.75,1049.21,140.51,5.1283,3.7998
Wheat,Rabi,Maharashtra,2015,751843,3124692.04,522.67,229.05,2.0274,4.156
Maize,Rabi,Rajasthan,2010,280311,1126575.0,468.06,125.2,5.5072,4.019
Maize,Kharif,Himachal Pradesh,2007,568123,2551620.01,722.73,108.43,6.2304,4.4913
Rice,Kharif,Odisha,2002,2614724,6042636.13,1536.42,184.74,6.0188,2.311
Maize,Kharif,Jharkhand,2013,612615,1975708.01,577.93,172.02,6.6453,3.225
Maize,Rabi,Maharashtra,1999,374435,1023743.54,575.2,90.91,2.0541,2.7341
Maize,Kharif,Odisha,2016,411941,1522459.82,781.15,131.94,3.1923,3.6958
Maize,Kharif,Gujarat,2019,674900,2509512.63,955.59,152.47,2.9156,3.7183
Maize,Kharif,Madhya Pradesh,2010,186301,772975.09,790.62,168.89,5.0388,4.1491
Wheat,Rabi,Uttar Pradesh,2013,1436326,7295205.64,332.18,168.95,4.6691,5.0791
Maize,Kharif,West Bengal,2020,619633,2290827.15,1179.32,78.84,6.4057,3.6971
Maize,Rabi,Maharashtra,2013,568463,1982360.04,540.71,156.4,3.6014,3.4872
Maize,Rabi,Madhya Pradesh,1997,561926,1884680.91,525.95,175.69,0.9287,3.354
Maize,Kharif,Andhra Pradesh,2019,65244,401620.61,694.92,71.22,2.5567,6.1557
Maize,Rabi,Punjab,2011,541521,1713292.04,889.66,87.59,4.0323,3.1639
Rice,Kharif,Punjab,2016,385940,2266739.1,1458.56,192.86,4.0332,5.8733
Rice,Kharif,Himachal Pradesh,2015,614588,1898908.45,823.78,168.54,6.7273,3.0897
Maize,Rabi,Uttarakhand,2010,224162,748506.83,992.01,93.31,4.0064,3.3391
Maize,Rabi,Uttar Pradesh,2000,376371,1174218.07,457.66,164.79,0.6792,3.1198
Wheat,Rabi,Bihar,1999,2471795,7588901.96,531.97,198.99,5.232,3.0702
Wheat,Rabi,Haryana,2000,1131757,7652838.12,311.58,140.99,4.6457,6.7619
Wheat,Rabi,Uttarakhand,2000,2497785,15819496.5,494.65,200.07,0.5589,6.3334
Wheat,Rabi,Madhya Pradesh,1997,2109610,7332902.39,604.78,176.15,0.9065,3.476
Maize,Kharif,Uttar Pradesh,2007,311166,1174162.71,838.15,111.13,1.1017,3.7734
Maize,Rabi,Madhya Pradesh,2009,337270,1380548.82,922.41,148.15,4.3955,4.0933
Maize,Rabi,Andhra Pradesh,2015,104335,620949.03,873.49,100.07,4.1384,5.9515
Maize,Rabi,Jammu and Kashmir,2014,258569,932064.93,803.93,77.52,5.8093,3.6047
Maize,Rabi,Assam,2004,567628,1755849.99,830.12,86.79,0.9517,3.0933
Maize,Kharif,Jharkhand,2007,351620,1057175.58,773.07,173.12,0.6636,3.0066
Maize,Kharif,Haryana,2018,292653,1040977.98,553.48,144.58,6.9469,3.557
Rice,Kharif,Assam,2010,2096161,4913967.92,986.14,197.8,6.4142,2.3443
Maize,Rabi,West Bengal,1999,157640,475774.03,595.36,115.33,4.8999,3.0181
Maize,Kharif,Odisha,2015,206238,604241.78,422.16,157.67,2.4496,2.9298
Rice,Kharif,Tamil Nadu,2016,2740112,12453250.67,1313.27,155.62,6.4326,4.5448
Maize,Kharif,Maharashtra,2016,423295,1490443.1,471.35,163.76,1.4754,3.5211
Maize,Kharif,Maharashtra,2007,704565,2028878.23,968.1,144.17,6.2995,2.8796
Rice,Kharif,Chhattisgarh,2018,1827346,6131312.7,1569.08,146.62,0.8134,3.3553
Maize,Kharif,Andhra Pradesh,2015,606380,3663999.81,721.62,94.85,5.3031,6.0424
Maize,Rabi,Uttarakhand,2001,691041,2066290.01,938.02,101.43,0.454,2.9901
Maize,Kharif,Telangana,2013,486592,2348511.87,1086.34,152.2,0.5611,4.8264
Maize,Kharif,Andhra Pradesh,2016,85567,483503.18,596.93,124.79,1.0224,5.6506
Maize,Rabi,Tamil Nadu,2005,521137,1614589.74,833.7,89.31,0.6506,3.0982
Maize,Kharif,Uttarakhand,2010,306659,976632.31,410.99,146.32,1.1344,3.1848
Wheat,Rabi,Uttar Pradesh,2008,292539,1483210.72,400.28,129.61,3.6094,5.0701
Maize,Rabi,Chhattisgarh,2003,179418,596343.92,917.6,74.87,6.8918,3.3238
Wheat,Rabi,Gujarat,2000,352177,1179234.4,408.84,199.29,3.0683,3.3484
Maize,Rabi,Telangana,1997,775763,3310565.23,1048.6,99.35,5.5967,4.2675
Maize,Rabi,Telangana,2003,51853,234822.12,1048.15,82.66,6.0046,4.5286
Maize,Rabi,Punjab,2008,598297,2072213.44,927.53,176.45,5.2571,3.4635
Maize,Rabi,West Bengal,2017,43766,168795.69,829.95,112.9,5.1446,3.8568
Maize,Kharif,Chhattisgarh,2014,487860,1737939.77,1132.82,82.82,1.2661,3.5624
Rice,Kharif,Uttarakhand,2001,2340147,5741153.02,1070.84,157.14,6.7279,2.4533
Wheat,Rabi,Maharashtra,2009,2076386,8466028.2,545.53,214.64,3.3864,4.0773
Maize,Rabi,Jharkhand,2013,443065,1179512.73,1184.15,74.41,3.5063,2.6622
Maize,Rabi,Karnataka,2006,724656,4165698.74,827.71,156.34,6.3831,5.7485
Maize,Rabi,Punjab,2015,621551,2282306.56,417.79,104.82,4.1643,3.672
Maize,Rabi,Madhya Pradesh,2011,482456,1903112.87,999.47,109.62,0.6365,3.9446
Wheat,Rabi,Maharashtra,2000,605065,1958631.6,596.39,245.77,0.823,3.2371
Maize,Rabi,Haryana,2019,184750,650228.7,483.45,130.82,0.6116,3.5195
Rice,Kharif,Madhya Pradesh,2002,2649360,7585032.83,1419.68,125.62,6.6625,2.863
Maize,Kharif,Punjab,2010,452820,1423169.49,1106.26,88.35,1.5906,3.1429
Rice,Kharif,Maharashtra,2007,1268727,3961488.83,1088.17,161.21,3.695,3.1224
Maize,Kharif,Odisha,1999,387584,1112310.09,985.89,79.91,2.3477,2.8699
Maize,Rabi,Tamil Nadu,1998,398537,1241681.84,717.32,148.65,0.9016,3.1156
Maize,Kharif,Gujarat,2001,81517,230114.5,950.89,87.39,3.1431,2.8229
Rice,Kharif,Jammu and Kashmir,2020,907203,2934019.05,989.05,89.38,5.9374,3.2341
Rice,Kharif,Odisha,2009,2395093,5768275.69,1532.01,121.77,7.7247,2.4084
Rice,Kharif,Telangana,2020,643628,1925392.95,1550.62,95.07,1.8026,2.9915
Rice,Kharif,Chhattisgarh,2001,118124,307660.04,1085.68,88.11,2.3084,2.6046
Wheat,Rabi,Punjab,2016,53286,468700.04,487.55,230.72,5.8541,8.7959
Maize,Kharif,Uttarakhand,1999,708055,1815845.5,1159.5,146.61,3.9653,2.5646
Wheat,Rabi,Rajasthan,2013,1426494,5560223.62,615.11,106.42,0.9737,3.8978
Maize,Kharif,Madhya Pradesh,2017,786984,3195475.54,1191.2,132.22,6.3026,4.0604
Wheat,Rabi,Punjab,2007,633501,4792410.35,635.61,183.75,5.9304,7.565
Rice,Kharif,Bihar,2020,1345405,3703294.15,989.12,131.42,2.3266,2.7525
Maize,Rabi,Haryana,2015,532191,1793185.09,1049.17,143.41,1.4997,3.3694
Maize,Rabi,Uttarakhand,2017,346013,1259596.33,471.45,138.72,4.5157,3.6403
Maize,Kharif,Andhra Pradesh,2002,331084,1570085.3,952.23,140.26,6.6082,4.7423
Wheat,Rabi,Uttar Pradesh,2018,2127369,11400084.54,682.97,147.75,4.188,5.3588
Rice,Kharif,Chhattisgarh,2003,2741943,8009413.94,1565.79,142.87,6.793,2.9211
Maize,Rabi,Telangana,2002,320344,1432812.18,1086.03,85.88,3.456,4.4727
Rice,Kharif,Tamil Nadu,2020,2959675,13922750.23,906.35,101.04,6.2129,4.7041
Wheat,Rabi,Uttar Pradesh,2020,1316370,7260551.24,365.66,129.63,2.7169,5.5156
Maize,Kharif,Odisha,2010,236522,839897.74,522.56,144.1,6.9826,3.551
Maize,Rabi,Gujarat,2016,320001,1151707.94,1073.23,127.54,2.3502,3.5991
Maize,Kharif,Andhra Pradesh,2009,476706,2369282.81,995.67,98.57,2.778,4.9701
Maize,Rabi,Uttarakhand,2000,178580,467080.62,976.95,74.81,2.8044,2.6155
Wheat,Rabi,Himachal Pradesh,2013,219539,1164618.93,661.86,223.11,0.8546,5.3048
Maize,Rabi,Madhya Pradesh,2001,548269,1788771.69,522.41,88.11,2.5296,3.2626
Maize,Kharif,Karnataka,2015,426843,2423059.34,601.01,126.69,4.8323,5.6767
Rice,Kharif,Punjab,2010,662736,3845380.2,844.83,173.08,1.0354,5.8023
Maize,Kharif,Madhya Pradesh,2005,344307,1271056.85,447.64,86.25,5.051,3.6916
Rice,Kharif,Assam,2017,729585,1685277.8,1297.47,113.89,6.1194,2.3099
Maize,Kharif,West Bengal,1998,686725,1973861.1,454.89,175.3,0.6657,2.8743
Maize,Kharif,Haryana,2013,181214,637327.46,957.04,130.87,3.2952,3.517
Wheat,Rabi,Jharkhand,2018,533297,2332942.89,485.08,240.44,2.8341,4.3746
Rice,Kharif,Chhattisgarh,2006,2493924,6821333.86,1406.7,192.76,7.437,2.7352
Maize,Kharif,Odisha,2000,46043,129308.66,598.19,118.15,3.3002,2.8084
Maize,Rabi,Rajasthan,1999,314478,1117991.56,997.25,107.26,1.1601,3.5551
Rice,Kharif,Chhattisgarh,2008,2767659,7839740.88,1098.5,193.94,4.6514,2.8326
Wheat,Rabi,Gujarat,2019,890279,4181446.72,489.78,177.37,4.7801,4.6968
Maize,Rabi,Himachal Pradesh,2016,515365,2571906.23,642.24,159.44,4.4705,4.9905
Maize,Rabi,West Bengal,2002,724400,2254010.12,802.02,168.46,5.0435,3.1116
Maize,Kharif,Assam,2016,55046,192293.32,840.8,170.9,3.7885,3.4933
Rice,Kharif,Haryana,2005,1808962,8262934.23,979.61,109.79,7.3689,4.5678
Rice,Kharif,West Bengal,2005,2447195,7564232.96,1098.25,140.24,7.2646,3.091
Maize,Kharif,Maharashtra,2017,754579,2788706.13,858.21,85.4,2.8926,3.6957
Rice,Kharif,Punjab,2012,2246254,13378793.82,1048.29,119.28,6.2711,5.956
Rice,Kharif,West Bengal,1999,879713,2082977.55,1140.11,145.35,5.3573,2.3678
Rice,Kharif,Maharashtra,2008,1377095,3689250.64,813.51,160.8,4.5113,2.679
Rice,Kharif,Bihar,2008,2506218,5938170.32,836.41,181.79,3.1828,2.3694
Maize,Rabi,West Bengal,2018,431640,1554896.98,619.23,144.82,3.4795,3.6023
Maize,Rabi,Uttarakhand,2006,427986,1343561.52,415.3,94.68,6.9002,3.1393
Maize,Rabi,Uttar Pradesh,2010,674646,2455999.7,861.25,144.19,5.0368,3.6404
Wheat,Rabi,Uttar Pradesh,2016,997698,5414505.42,547.07,236.1,2.4069,5.427
Rice,Kharif,Punjab,2009,659551,3577402.24,1177.33,152.03,1.1611,5.424
Maize,Rabi,Tamil Nadu,2006,314963,1005344.01,607.54,116.04,2.9626,3.1919
Rice,Kharif,Rajasthan,2008,1885746,5784289.06,1105.13,178.65,0.7311,3.0674
Maize,Kharif,Tamil Nadu,2012,147371,450102.69,467.73,140.65,3.1446,3.0542
Maize,Kharif,Karnataka,1997,482110,2315080.41,628.2,146.63,5.2213,4.802
Maize,Kharif,West Bengal,2001,705280,2287194.79,677.94,77.14,3.9783,3.243
Maize,Kharif,Rajasthan,2015,148057,626877.79,423.31,156.86,2.2333,4.234
Maize,Kharif,Haryana,2005,339367,1058618.16,877.69,73.22,5.7505,3.1194
Rice,Kharif,Odisha,2008,2159051,5748007.05,884.91,174.43,2.7601,2.6623
Maize,Rabi,Maharashtra,2017,546538,1976894.76,865.9,160.51,2.7844,3.6171
Maize,Kharif,Jharkhand,2010,249831,713164.29,559.75,111.12,5.401,2.8546
Rice,Kharif,Karnataka,2002,2476297,6975604.4,1262.11,166.57,4.8764,2.8169
Rice,Kharif,Tamil Nadu,2019,853969,4178137.92,1226.04,163.32,2.8846,4.8926
Maize,Rabi,Punjab,1998,348254,1018842.85,569.33,105.95,5.4241,2.9256
Maize,Kharif,Himachal Pradesh,2017,411045,2214678.9,586.26,113.49,3.9706,5.3879
Maize,Kharif,Himachal Pradesh,2016,692657,3729780.37,781.7,146.1,6.134,5.3847
Wheat,Rabi,Jharkhand,2003,1147055,4168174.35,318.62,111.15,5.5758,3.6338
Maize,Kharif,Chhattisgarh,2017,623265,2291547.21,737.41,173.05,2.4141,3.6767
Maize,Rabi,Jammu and Kashmir,2002,218214,679977.93,664.21,78.7,3.3686,3.1161
Wheat,Rabi,Gujarat,2017,1572111,6659301.39,586.08,162.25,3.8878,4.2359
Wheat,Rabi,Maharashtra,2001,356497,1263492.27,590.83,111.84,3.734,3.5442
Maize,Kharif,Punjab,2006,635343,2147605.61,1040.69,94.61,4.4151,3.3802
Maize,Kharif,Maharashtra,1998,487071,1446247.61,965.85,117.9,5.243,2.9693
Maize,Rabi,Bihar,2007,721586,1740766.45,600.45,162.33,4.9579,2.4124
Rice,Kharif,Haryana,2017,2504616,13394671.89,994.1,115.38,6.7209,5.348
Wheat,Rabi,Uttar Pradesh,2005,1121523,5148304.07,640.99,113.56,4.9033,4.5905
Rice,Kharif,Tamil Nadu,2011,173588,849884.92,1555.31,193.89,2.1919,4.896
Rice,Kharif,Bihar,2003,2499607,6425360.9,1263.31,130.11,1.6431,2.5705
Maize,Kharif,Telangana,2014,106191,562730.59,1025.9,171.21,1.7556,5.2992
Maize,Rabi,Tamil Nadu,2010,487732,1628137.36,684.52,85.22,2.8227,3.3382
Wheat,Rabi,Madhya Pradesh,2013,804671,3618992.63,355.98,128.96,4.4025,4.4975
Rice,Kharif,Karnataka,2017,2096407,6336646.84,985.52,87.28,0.6426,3.0226
Maize,Kharif,Gujarat,2004,498894,1548509.4,1163.56,154.74,0.5102,3.1039
Maize,Kharif,Haryana,2000,345544,973681.37,537.5,174.24,3.4366,2.8178
Maize,Kharif,Tamil Nadu,2016,116222,424158.51,1069.58,86.92,0.935,3.6496
Wheat,Rabi,Uttar Pradesh,2011,72974,361981.57,670.17,242.53,1.5686,4.9604
Maize,Kharif,Gujarat,2005,98035,301169.81,1057.33,143.7,5.2133,3.0721
Rice,Kharif,Madhya Pradesh,2006,2891787,7452991.57,1586.2,97.69,7.6194,2.5773
Rice,Kharif,Haryana,2014,266269,1370341.03,888.77,123.87,5.1435,5.1465
Maize,Kharif,Jammu and Kashmir,1997,118346,349055.12,706.03,74.26,3.5066,2.9494
Maize,Rabi,Jammu and Kashmir,2016,661470,2235510.18,1086.55,129.24,0.9682,3.3796
Maize,Rabi,Gujarat,2019,420943,1378300.91,430.22,97.57,5.0801,3.2743
Maize,Kharif,Himachal Pradesh,2015,27097,135342.13,916.32,169.58,0.6297,4.9947
Rice,Kharif,Himachal Pradesh,2018,942355,3110473.99,1268.13,141.24,0.8411,3.3007
Rice,Kharif,Odisha,2001,1064762,2239977.36,1374.84,114.95,0.5117,2.1037
Rice,Kharif,Andhra Pradesh,2005,802224,3324926.55,978.55,141.89,0.8445,4.1446
Rice,Kharif,Madhya Pradesh,2014,1613694,5097547.75,1076.18,138.35,4.4501,3.1589
Rice,Kharif,Assam,2001,2021889,4162410.73,834.83,126.43,3.2998,2.0587
Maize,Rabi,Telangana,2009,25337,121207.89,521.72,176.67,0.5461,4.7838
Wheat,Rabi,Maharashtra,2016,1985233,8578667.63,663.29,249.51,5.6541,4.3212
Rice,Kharif,Jharkhand,2011,687354,1396296.81,1423.29,92.81,1.8856,2.0314
Rice,Kharif,Uttarakhand,2003,1020702,2651473.15,854.37,98.12,2.1404,2.5977
Wheat,Rabi,Jammu and Kashmir,2005,1040896,4562447.78,558.91,174.83,5.3318,4.3832
Rice,Kharif,Maharashtra,2001,250275,730067.62,990.75,156.67,5.1711,2.9171
Maize,Rabi,Jammu and Kashmir,2005,421774,1301219.88,776.76,168.44,2.149,3.0851
Rice,Kharif,Madhya Pradesh,2010,1303312,4011285.56,958.98,186.5,6.9774,3.0778
Wheat,Rabi,Haryana,2012,1376796,10877463.46,522.46,110.64,2.0221,7.9006
Rice,Kharif,Telangana,1997,630205,1710922.79,1207.62,90.91,0.8534,2.7149
Rice,Kharif,Himachal Pradesh,2008,2759233,8279780.94,1481.17,97.09,1.8799,3.0008
Rice,Kharif,Haryana,2000,158129,683968.31,905.44,122.99,6.4132,4.3254
Wheat,Rabi,Haryana,2003,1674704,11658960.68,331.61,243.89,2.9163,6.9618
Maize,Rabi,Gujarat,2013,443539,1566091.88,536.96,107.79,6.2503,3.5309
Rice,Kharif,Maharashtra,2014,564680,1874280.49,1176.13,143.83,6.6903,3.3192
Maize,Rabi,Jharkhand,2015,623115,1924379.76,444.74,128.68,5.0175,3.0883
Maize,Kharif,Gujarat,2011,128949,442346.88,419.19,138.8,1.1783,3.4304
Maize,Kharif,Tamil Nadu,2000,692351,1823270.77,460.28,174.64,4.5445,2.6334
Maize,Rabi,Madhya Pradesh,2019,778105,3421108.11,472.88,141.09,6.4647,4.3967
Wheat,Rabi,Madhya Pradesh,2016,409630,1865679.61,522.8,107.82,5.6071,4.5545
Maize,Rabi,Maharashtra,2019,188633,675059.84,732.04,89.75,4.4771,3.5787
Wheat,Rabi,Gujarat,2007,1739473,6239051.33,314.33,182.36,5.0077,3.5867
Maize,Rabi,Himachal Pradesh,2018,228491,1128212.11,591.22,150.8,6.6871,4.9377
Rice,Kharif,Karnataka,2006,1705929,5140402.81,1522.22,165.72,4.2658,3.0133
Rice,Kharif,West Bengal,2009,2625158,8587235.3,1324.94,114.38,7.7265,3.2711
Rice,Kharif,Haryana,2008,2306429,11334714.56,1226.56,155.23,2.0809,4.9144
Wheat,Rabi,Jharkhand,2002,162420,614737.38,698.87,159.55,3.1237,3.7849
Rice,Kharif,Uttarakhand,2012,2980138,9068786.65,1174.62,134.67,5.6336,3.0431
Maize,Kharif,Gujarat,2013,138391,482474.42,425.68,132.55,2.252,3.4863
Maize,Kharif,Rajasthan,1998,587789,2066798.07,408.12,174.29,0.965,3.5162
Maize,Kharif,Chhattisgarh,2005,111355,343865.7,1063.05,156.76,4.2152,3.088
Rice,Kharif,West Bengal,1997,1809593,4004244.81,976.35,150.71,6.5707,2.2128
Maize,Rabi,Telangana,2017,591523,3118215.17,468.12,175.07,3.9761,5.2715
Wheat,Rabi,Uttarakhand,2013,202106,1464490.1,397.07,197.32,0.3819,7.2461
Maize,Kharif,Assam,2007,684091,2284251.75,694.19,134.72,5.2738,3.3391
Maize,Rabi,Uttarakhand,2005,641818,2025592.19,1111.8,87.28,1.0683,3.156
Maize,Kharif,Karnataka,2000,671158,3163240.68,1189.23,105.55,6.8084,4.7131
Maize,Rabi,Uttar Pradesh,2007,756678,2576053.09,994.01,115.01,2.0783,3.4044
Wheat,Rabi,Punjab,2013,174966,1431005.99,687.01,199.11,2.0036,8.1788
Wheat,Rabi,Punjab,2000,2345135,16201668.5,310.5,239.36,5.0279,6.9086
Rice,Kharif,Gujarat,2018,2433394,8344934.92,1125.4,90.07,5.2685,3.4293
Wheat,Rabi,Bihar,2002,1214793,3566436.44,428.47,196.88,5.4752,2.9358
Maize,Kharif,Chhattisgarh,2013,517977,1745193.47,1089.76,93.81,3.525,3.3692
Rice,Kharif,Andhra Pradesh,2018,654123,3543803.23,946.14,172.2,1.6567,5.4176
Maize,Kharif,Maharashtra,2006,591187,1841131.52,1010.33,90.14,4.8861,3.1143
Maize,Kharif,West Bengal,1999,319012,881365.38,1122.74,75.06,5.6545,2.7628
Rice,Kharif,Gujarat,2000,951872,2578258.05,1144.06,186.57,3.6036,2.7086
Maize,Rabi,Punjab,1999,516650,1578997.4,1097.91,73.95,0.8516,3.0562
Rice,Kharif,Jammu and Kashmir,2005,1552766,4342124.72,1571.71,104.92,2.8123,2.7964
Wheat,Rabi,Uttar Pradesh,2000,1178399,5665402.51,529.64,221.08,5.1174,4.8077
Wheat,Rabi,Rajasthan,2004,258663,880399.67,696.99,230.06,1.0233,3.4037
Wheat,Rabi,Bihar,2003,728834,2286367.08,333.07,226.8,3.976,3.137
Maize,Rabi,Karnataka,2003,522077,2708541.23,516.75,88.39,2.2213,5.188
Maize,Rabi,Jammu and Kashmir,2019,453665,1618993.44,496.64,93.52,2.7534,3.5687
Wheat,Rabi,Himachal Pradesh,2009,59576,309314.23,569.64,156.91,0.8743,5.1919
Maize,Kharif,Jammu and Kashmir,2012,691128,2416410.22,867.34,120.72,4.8569,3.4963
Wheat,Rabi,Madhya Pradesh,2019,588248,2869526.24,699.36,212.86,4.517,4.8781
Rice,Kharif,Jammu and Kashmir,2015,2658717,8215375.76,1298.59,171.22,5.4581,3.09
Maize,Rabi,Tamil Nadu,2015,319477,1118556.81,746.33,129.39,1.7205,3.5012
Maize,Rabi,Chhattisgarh,2007,282075,897072.09,504.05,134.24,2.0831,3.1803
Maize,Kharif,Karnataka,2017,537151,3402290.47,683.58,75.25,4.6964,6.334
Maize,Rabi,Himachal Pradesh,2017,776660,3874699.81,621.9,79.74,1.4931,4.9889
Rice,Kharif,Bihar,2018,1999611,6040041.59,1242.5,87.85,0.7168,3.0206
Wheat,Rabi,Uttarakhand,2017,1743964,13528827.94,667.21,234.71,5.7255,7.7575
Maize,Kharif,Odisha,2007,314477,930607.34,563.2,129.53,2.7673,2.9592
Maize,Kharif,Rajasthan,2006,602062,2463444.96,1114.28,178.53,1.3453,4.0917
Wheat,Rabi,Haryana,2015,84114,690575.47,681.03,104.74,2.7533,8.21
Maize,Kharif,Chhattisgarh,1998,728688,1986550.14,548.12,93.8,3.5957,2.7262
Rice,Kharif,Karnataka,2014,995552,3061607.21,1056.37,187.75,4.2767,3.0753
Maize,Rabi,Gujarat,2018,656009,2563742.82,755.7,96.75,5.6604,3.9081
Wheat,Rabi,Gujarat,2013,1932544,7183013.45,676.04,230.53,3.3584,3.7169
Wheat,Rabi,Rajasthan,2003,1399449,4730037.52,526.34,228.69,0.8436,3.3799
